"Story","Title","Result","Date","Stability","Duration (s)"
"User Service Fake Store API","User get all user","SUCCESS","2023-04-15T19:46:09.217697+07:00[Asia/Jakarta]","0.0","1.41"
"User Service Fake Store API","User get single user","SUCCESS","2023-04-15T19:46:10.6466798+07:00[Asia/Jakarta]","0.0","1.28"
"User Service Fake Store API","User get limit result","SUCCESS","2023-04-15T19:46:11.9446907+07:00[Asia/Jakarta]","0.0","1.57"
"User Service Fake Store API","User get sort","SUCCESS","2023-04-15T19:46:13.5336784+07:00[Asia/Jakarta]","0.0","1.32"
"User Service Fake Store API","User add new users","SUCCESS","2023-04-15T19:46:14.8856807+07:00[Asia/Jakarta]","0.0","1.44"
"User Service Fake Store API","User update user with given id","SUCCESS","2023-04-15T19:46:16.344687+07:00[Asia/Jakarta]","0.0","1.02"
"User Service Fake Store API","User delete users","SUCCESS","2023-04-15T19:46:17.3806889+07:00[Asia/Jakarta]","0.0","1.61"
