{"name":"User get single products","id":"products-service-fake-store-api;user-get-single-products","testSteps":[{"number":1,"description":"Given User call an api \"/products/1\" with method \"GET\"","duration":979,"startTime":"2023-04-15T19:46:00.182592+07:00[Asia/Jakarta]","result":"SUCCESS","precondition":false,"level":0,"children":[{"number":2,"description":"User executes a GET on the resource /products/1","duration":963,"startTime":"2023-04-15T19:46:00.194595300+07:00[Asia/Jakarta]","result":"SUCCESS","precondition":false,"level":1,"children":[{"number":3,"description":"GET https://fakestoreapi.com/products/1","duration":0,"startTime":"2023-04-15T19:46:01.157643600+07:00[Asia/Jakarta]","result":"SUCCESS","restQuery":{"method":"GET","path":"https://fakestoreapi.com/products/1","content":"","contentType":"application/json","requestHeaders":"Accept\u003d*/*\r\n\t\t\t\tContent-Type\u003dapplication/json","requestCookies":"","responseHeaders":"Date: Sat, 15 Apr 2023 12:46:00 GMT\r\nContent-Type: application/json; charset\u003dutf-8\r\nTransfer-Encoding: chunked\r\nConnection: keep-alive\r\nAccess-Control-Allow-Origin: *\r\nEtag: W/\"16c-MMdrqY6N0sTiefLdsgtBej9eunY\"\r\nX-Powered-By: Express\r\nCF-Cache-Status: DYNAMIC\r\nReport-To: {\"endpoints\":[{\"url\":\"https:\\/\\/a.nel.cloudflare.com\\/report\\/v3?s\u003dHPi09WZKKOxp8MrAgwB33wAF5fxf1aJ0%2FXGqzUsSXs7fDWx%2FQWrjikKwuKwjpuw0Xo6Ybu9KEwutHF%2Bq7r97zmq5LJD5my4VqNJnU%2BZxu6%2B7BrwEgtn7pnSLLWGpEhdK7fsE\"}],\"group\":\"cf-nel\",\"max_age\":604800}\r\nNEL: {\"success_fraction\":0,\"report_to\":\"cf-nel\",\"max_age\":604800}\r\nServer: cloudflare\r\nCF-RAY: 7b8449f60f8f3df0-SIN\r\nContent-Encoding: gzip\r\nalt-svc: h3\u003d\":443\"; ma\u003d86400, h3-29\u003d\":443\"; ma\u003d86400\r","responseCookies":"\r","responseBody":"{\n    \"id\": 1,\n    \"title\": \"Fjallraven - Foldsack No. 1 Backpack, Fits 15 Laptops\",\n    \"price\": 109.95,\n    \"description\": \"Your perfect pack for everyday use and walks in the forest. Stash your laptop (up to 15 inches) in the padded sleeve, your everyday\",\n    \"category\": \"men\u0027s clothing\",\n    \"image\": \"https://fakestoreapi.com/img/81fPKd-2AYL._AC_SL1500_.jpg\",\n    \"rating\": {\n        \"rate\": 3.9,\n        \"count\": 120\n    }\n}","statusCode":200},"precondition":false,"level":2}]}]},{"number":4,"description":"Then User verify response is match with json schema \"singleproduct.json\"","duration":17,"startTime":"2023-04-15T19:46:01.163639800+07:00[Asia/Jakarta]","result":"SUCCESS","precondition":false,"level":0}],"userStory":{"id":"products-service-fake-store-api","storyName":"Products service Fake Store API","displayName":"Products service Fake Store API","path":"produk.feature","type":"feature","qualifiedTag":{"name":"Products service Fake Store API","type":"feature","displayName":"Products service Fake Store API"}},"featureTag":{"name":"Products service Fake Store API","type":"feature","displayName":"Products service Fake Store API"},"title":"User get single products","description":"","tags":[{"name":"Windows","type":"context","displayName":"Windows"},{"name":"ProductsFakeStore","type":"tag","displayName":"ProductsFakeStore"},{"name":"FakeStoreAPI","type":"tag","displayName":"FakeStoreAPI"},{"name":"GetSingleProduct","type":"tag","displayName":"GetSingleProduct"},{"name":"Products service Fake Store API","type":"feature","displayName":"Products service Fake Store API"}],"allTags":[{"name":"Windows","type":"context","displayName":"Windows"},{"name":"ProductsFakeStore","type":"tag","displayName":"ProductsFakeStore"},{"name":"FakeStoreAPI","type":"tag","displayName":"FakeStoreAPI"},{"name":"GetSingleProduct","type":"tag","displayName":"GetSingleProduct"},{"name":"Products service Fake Store API","type":"feature","displayName":"Products service Fake Store API"}],"startTime":"2023-04-15T19:46:00.169598600+07:00[Asia/Jakarta]","duration":1014,"projectKey":"","isManualTestingUpToDate":false,"context":"windows","manual":false,"testSource":"Cucumber","actors":[{"name":"User","can":["browse the web","call an API at https://fakestoreapi.com"]}],"result":"SUCCESS"}