"Story","Title","Result","Date","Stability","Duration (s)"
"Cart Service Fake Store API","User get all carts","SUCCESS","2023-04-15T19:45:35.8756328+07:00[Asia/Jakarta]","0.0","9.38"
"Cart Service Fake Store API","User get single carts","SUCCESS","2023-04-15T19:45:45.2995079+07:00[Asia/Jakarta]","0.0","1.29"
"Cart Service Fake Store API","User get sort carts","SUCCESS","2023-04-15T19:45:46.6173506+07:00[Asia/Jakarta]","0.0","1.53"
"Cart Service Fake Store API","User get limit result carts","SUCCESS","2023-04-15T19:45:48.1707891+07:00[Asia/Jakarta]","0.0","1.98"
"Cart Service Fake Store API","User Get carts in a date range","SUCCESS","2023-04-15T19:45:50.17752+07:00[Asia/Jakarta]","0.0","1.51"
"Cart Service Fake Store API","User delete carts","SUCCESS","2023-04-15T19:45:51.7058871+07:00[Asia/Jakarta]","0.0","1.65"
"Cart Service Fake Store API","User update carts","SUCCESS","2023-04-15T19:45:53.3827841+07:00[Asia/Jakarta]","0.0","1.55"
"Cart Service Fake Store API","User add new carts","SUCCESS","2023-04-15T19:45:54.9584066+07:00[Asia/Jakarta]","0.0","0.95"
"Login to Fake Store API","User login with correct username and password","SUCCESS","2023-04-15T19:45:55.9438603+07:00[Asia/Jakarta]","0.0","2.6"
"Products service Fake Store API","User get all products","SUCCESS","2023-04-15T19:45:58.6245636+07:00[Asia/Jakarta]","0.0","1.52"
"Products service Fake Store API","User get single products","SUCCESS","2023-04-15T19:46:00.1695986+07:00[Asia/Jakarta]","0.0","1.01"
"Products service Fake Store API","User get all products with limit","SUCCESS","2023-04-15T19:46:01.1996385+07:00[Asia/Jakarta]","0.0","0.85"
"Products service Fake Store API","User add new product","SUCCESS","2023-04-15T19:46:02.0716409+07:00[Asia/Jakarta]","0.0","0.91"
"Products service Fake Store API","User edit product with given id","SUCCESS","2023-04-15T19:46:02.9966346+07:00[Asia/Jakarta]","0.0","1.11"
"Products service Fake Store API","User delete product","SUCCESS","2023-04-15T19:46:04.1256392+07:00[Asia/Jakarta]","0.0","1.38"
"Products service Fake Store API","User get all products with sort","SUCCESS","2023-04-15T19:46:05.5146358+07:00[Asia/Jakarta]","0.0","1.3"
"Products service Fake Store API","User get all category products","SUCCESS","2023-04-15T19:46:06.8376812+07:00[Asia/Jakarta]","0.0","1.02"
"Products service Fake Store API","User get specific category products","SUCCESS","2023-04-15T19:46:07.8736866+07:00[Asia/Jakarta]","0.0","1.32"
"User Service Fake Store API","User get all user","SUCCESS","2023-04-15T19:46:09.217697+07:00[Asia/Jakarta]","0.0","1.41"
"User Service Fake Store API","User get single user","SUCCESS","2023-04-15T19:46:10.6466798+07:00[Asia/Jakarta]","0.0","1.28"
"User Service Fake Store API","User get limit result","SUCCESS","2023-04-15T19:46:11.9446907+07:00[Asia/Jakarta]","0.0","1.57"
"User Service Fake Store API","User get sort","SUCCESS","2023-04-15T19:46:13.5336784+07:00[Asia/Jakarta]","0.0","1.32"
"User Service Fake Store API","User add new users","SUCCESS","2023-04-15T19:46:14.8856807+07:00[Asia/Jakarta]","0.0","1.44"
"User Service Fake Store API","User update user with given id","SUCCESS","2023-04-15T19:46:16.344687+07:00[Asia/Jakarta]","0.0","1.02"
"User Service Fake Store API","User delete users","SUCCESS","2023-04-15T19:46:17.3806889+07:00[Asia/Jakarta]","0.0","1.61"
