{"name":"User get all products with limit","id":"products-service-fake-store-api;user-get-all-products-with-limit","testSteps":[{"number":1,"description":"Given User call an api \"/products?limit\u003d5\" with method \"GET\"","duration":821,"startTime":"2023-04-15T19:46:01.212640400+07:00[Asia/Jakarta]","result":"SUCCESS","precondition":false,"level":0,"children":[{"number":2,"description":"User executes a GET on the resource /products?limit\u003d5","duration":795,"startTime":"2023-04-15T19:46:01.235638600+07:00[Asia/Jakarta]","result":"SUCCESS","precondition":false,"level":1,"children":[{"number":3,"description":"GET https://fakestoreapi.com/products?limit\u003d5","duration":0,"startTime":"2023-04-15T19:46:02.031631900+07:00[Asia/Jakarta]","result":"SUCCESS","restQuery":{"method":"GET","path":"https://fakestoreapi.com/products?limit\u003d5","content":"","contentType":"application/json","requestHeaders":"Accept\u003d*/*\r\n\t\t\t\tContent-Type\u003dapplication/json","requestCookies":"","responseHeaders":"Date: Sat, 15 Apr 2023 12:46:01 GMT\r\nContent-Type: application/json; charset\u003dutf-8\r\nTransfer-Encoding: chunked\r\nConnection: keep-alive\r\nAccess-Control-Allow-Origin: *\r\nEtag: W/\"901-RZCdFEZQ+j7q2G9bMJOMuLfz40Y\"\r\nX-Powered-By: Express\r\nCF-Cache-Status: DYNAMIC\r\nReport-To: {\"endpoints\":[{\"url\":\"https:\\/\\/a.nel.cloudflare.com\\/report\\/v3?s\u003dRsQq%2FxBgr8c36MYRRoz55na5hImO5CMq0fJPi4noxl%2BWZByqGhR6TT99IRsniqjoJ%2B%2FtFaRFDg%2FnyX%2Br7A4Xu6oKn8G42xJ7VdfZ5S5jRuK5Z75D0jgbCpoYfOVI3oIvCB7Z\"}],\"group\":\"cf-nel\",\"max_age\":604800}\r\nNEL: {\"success_fraction\":0,\"report_to\":\"cf-nel\",\"max_age\":604800}\r\nServer: cloudflare\r\nCF-RAY: 7b8449fbaf9a40c5-SIN\r\nContent-Encoding: gzip\r\nalt-svc: h3\u003d\":443\"; ma\u003d86400, h3-29\u003d\":443\"; ma\u003d86400\r","responseCookies":"\r","responseBody":"[\n    {\n        \"id\": 1,\n        \"title\": \"Fjallraven - Foldsack No. 1 Backpack, Fits 15 Laptops\",\n        \"price\": 109.95,\n        \"description\": \"Your perfect pack for everyday use and walks in the forest. Stash your laptop (up to 15 inches) in the padded sleeve, your everyday\",\n        \"category\": \"men\u0027s clothing\",\n        \"image\": \"https://fakestoreapi.com/img/81fPKd-2AYL._AC_SL1500_.jpg\",\n        \"rating\": {\n            \"rate\": 3.9,\n            \"count\": 120\n        }\n    },\n    {\n        \"id\": 2,\n        \"title\": \"Mens Casual Premium Slim Fit T-Shirts \",\n        \"price\": 22.3,\n        \"description\": \"Slim-fitting style, contrast raglan long sleeve, three-button henley placket, light weight \u0026 soft fabric for breathable and comfortable wearing. And Solid stitched shirts with round neck made for durability and a great fit for casual fashion wear and diehard baseball fans. The Henley style round neckline includes a three-button placket.\",\n        \"category\": \"men\u0027s clothing\",\n        \"image\": \"https://fakestoreapi.com/img/71-3HjGNDUL._AC_SY879._SX._UX._SY._UY_.jpg\",\n        \"rating\": {\n            \"rate\": 4.1,\n            \"count\": 259\n        }\n    },\n    {\n        \"id\": 3,\n        \"title\": \"Mens Cotton Jacket\",\n        \"price\": 55.99,\n        \"description\": \"great outerwear jackets for Spring/Autumn/Winter, suitable for many occasions, such as working, hiking, camping, mountain/rock climbing, cycling, traveling or other outdoors. Good gift choice for you or your family member. A warm hearted love to Father, husband or son in this thanksgiving or Christmas Day.\",\n        \"category\": \"men\u0027s clothing\",\n        \"image\": \"https://fakestoreapi.com/img/71li-ujtlUL._AC_UX679_.jpg\",\n        \"rating\": {\n            \"rate\": 4.7,\n            \"count\": 500\n        }\n    },\n    {\n        \"id\": 4,\n        \"title\": \"Mens Casual Slim Fit\",\n        \"price\": 15.99,\n        \"description\": \"The color could be slightly different between on the screen and in practice. / Please note that body builds vary by person, therefore, detailed size information should be reviewed below on the product description.\",\n        \"category\": \"men\u0027s clothing\",\n        \"image\": \"https://fakestoreapi.com/img/71YXzeOuslL._AC_UY879_.jpg\",\n        \"rating\": {\n            \"rate\": 2.1,\n            \"count\": 430\n        }\n    },\n    {\n        \"id\": 5,\n        \"title\": \"John Hardy Women\u0027s Legends Naga Gold \u0026 Silver Dragon Station Chain Bracelet\",\n        \"price\": 695,\n        \"description\": \"From our Legends Collection, the Naga was inspired by the mythical water dragon that protects the ocean\u0027s pearl. Wear facing inward to be bestowed with love and abundance, or outward for protection.\",\n        \"category\": \"jewelery\",\n        \"image\": \"https://fakestoreapi.com/img/71pWzhdJNwL._AC_UL640_QL65_ML3_.jpg\",\n        \"rating\": {\n            \"rate\": 4.6,\n            \"count\": 400\n        }\n    }\n]","statusCode":200},"precondition":false,"level":2}]}]},{"number":4,"description":"Then User verify response is match with json schema \"allproducts.json\"","duration":16,"startTime":"2023-04-15T19:46:02.035637900+07:00[Asia/Jakarta]","result":"SUCCESS","precondition":false,"level":0}],"userStory":{"id":"products-service-fake-store-api","storyName":"Products service Fake Store API","displayName":"Products service Fake Store API","path":"produk.feature","type":"feature","qualifiedTag":{"name":"Products service Fake Store API","type":"feature","displayName":"Products service Fake Store API"}},"featureTag":{"name":"Products service Fake Store API","type":"feature","displayName":"Products service Fake Store API"},"title":"User get all products with limit","description":"","tags":[{"name":"GetAllProductsWithLimit","type":"tag","displayName":"GetAllProductsWithLimit"},{"name":"Windows","type":"context","displayName":"Windows"},{"name":"ProductsFakeStore","type":"tag","displayName":"ProductsFakeStore"},{"name":"FakeStoreAPI","type":"tag","displayName":"FakeStoreAPI"},{"name":"Products service Fake Store API","type":"feature","displayName":"Products service Fake Store API"}],"allTags":[{"name":"GetAllProductsWithLimit","type":"tag","displayName":"GetAllProductsWithLimit"},{"name":"Windows","type":"context","displayName":"Windows"},{"name":"ProductsFakeStore","type":"tag","displayName":"ProductsFakeStore"},{"name":"FakeStoreAPI","type":"tag","displayName":"FakeStoreAPI"},{"name":"Products service Fake Store API","type":"feature","displayName":"Products service Fake Store API"}],"startTime":"2023-04-15T19:46:01.199638500+07:00[Asia/Jakarta]","duration":854,"projectKey":"","isManualTestingUpToDate":false,"context":"windows","manual":false,"testSource":"Cucumber","actors":[{"name":"User","can":["browse the web","call an API at https://fakestoreapi.com"]}],"result":"SUCCESS"}