{"name":"User delete users","id":"user-service-fake-store-api;user-delete-users","testSteps":[{"number":1,"description":"Given User call an api \"/users/6\" with method \"DELETE\"","duration":1568,"startTime":"2023-04-15T19:46:17.394678+07:00[Asia/Jakarta]","result":"SUCCESS","precondition":false,"level":0,"children":[{"number":2,"description":"User executes a DELETE on the resource /users/6","duration":1549,"startTime":"2023-04-15T19:46:17.409676500+07:00[Asia/Jakarta]","result":"SUCCESS","precondition":false,"level":1,"children":[{"number":3,"description":"DELETE https://fakestoreapi.com/users/6","duration":0,"startTime":"2023-04-15T19:46:18.958685+07:00[Asia/Jakarta]","result":"SUCCESS","restQuery":{"method":"DELETE","path":"https://fakestoreapi.com/users/6","content":"","contentType":"application/json","requestHeaders":"Accept\u003d*/*\r\n\t\t\t\tContent-Type\u003dapplication/json","requestCookies":"","responseHeaders":"Date: Sat, 15 Apr 2023 12:46:18 GMT\r\nContent-Type: application/json; charset\u003dutf-8\r\nTransfer-Encoding: chunked\r\nConnection: keep-alive\r\nAccess-Control-Allow-Origin: *\r\nEtag: W/\"12c-qh6raI/EWS3a5DDlu8tTdvjmcN0\"\r\nX-Powered-By: Express\r\nCF-Cache-Status: DYNAMIC\r\nReport-To: {\"endpoints\":[{\"url\":\"https:\\/\\/a.nel.cloudflare.com\\/report\\/v3?s\u003d30hA%2Bjp%2Bo4Ft9p8bFzzAecuiym3sceA%2B5h8bg36Uurm7maGzL85n32XeGeuYn2bxw4MYnNq8236oHoWxfrZXUI9pVvicvO0DSrtNMvNnHTwQ5B42HVkWoT2%2B6rt9ZSTbTahA\"}],\"group\":\"cf-nel\",\"max_age\":604800}\r\nNEL: {\"success_fraction\":0,\"report_to\":\"cf-nel\",\"max_age\":604800}\r\nServer: cloudflare\r\nCF-RAY: 7b844a622ef749d2-SIN\r\nContent-Encoding: gzip\r\nalt-svc: h3\u003d\":443\"; ma\u003d86400, h3-29\u003d\":443\"; ma\u003d86400\r","responseCookies":"\r","responseBody":"{\n    \"address\": {\n        \"geolocation\": {\n            \"lat\": \"20.1677\",\n            \"long\": \"-10.6789\"\n        },\n        \"city\": \"el paso\",\n        \"street\": \"prospect st\",\n        \"number\": 124,\n        \"zipcode\": \"12346-0456\"\n    },\n    \"id\": 6,\n    \"email\": \"david_r@gmail.com\",\n    \"username\": \"david_r\",\n    \"password\": \"3478*#54\",\n    \"name\": {\n        \"firstname\": \"david\",\n        \"lastname\": \"russell\"\n    },\n    \"phone\": \"1-678-345-9856\",\n    \"__v\": 0\n}","statusCode":200},"precondition":false,"level":2}]}]},{"number":4,"description":"Then User verify status code is 200","duration":5,"startTime":"2023-04-15T19:46:18.965680400+07:00[Asia/Jakarta]","result":"SUCCESS","precondition":false,"level":0},{"number":5,"description":"Then User verify response is match with json schema \"deleteusers.json\"","duration":16,"startTime":"2023-04-15T19:46:18.972676400+07:00[Asia/Jakarta]","result":"SUCCESS","precondition":false,"level":0}],"userStory":{"id":"user-service-fake-store-api","storyName":"User Service Fake Store API","displayName":"User Service Fake Store API","path":"user.feature","type":"feature","qualifiedTag":{"name":"User Service Fake Store API","type":"feature","displayName":"User Service Fake Store API"}},"featureTag":{"name":"User Service Fake Store API","type":"feature","displayName":"User Service Fake Store API"},"title":"User delete users","description":"","tags":[{"name":"Windows","type":"context","displayName":"Windows"},{"name":"UserFakeStore","type":"tag","displayName":"UserFakeStore"},{"name":"DeleteUsers","type":"tag","displayName":"DeleteUsers"},{"name":"FakeStoreAPI","type":"tag","displayName":"FakeStoreAPI"},{"name":"User Service Fake Store API","type":"feature","displayName":"User Service Fake Store API"}],"allTags":[{"name":"Windows","type":"context","displayName":"Windows"},{"name":"UserFakeStore","type":"tag","displayName":"UserFakeStore"},{"name":"DeleteUsers","type":"tag","displayName":"DeleteUsers"},{"name":"FakeStoreAPI","type":"tag","displayName":"FakeStoreAPI"},{"name":"User Service Fake Store API","type":"feature","displayName":"User Service Fake Store API"}],"startTime":"2023-04-15T19:46:17.380688900+07:00[Asia/Jakarta]","duration":1608,"projectKey":"","isManualTestingUpToDate":false,"context":"windows","manual":false,"testSource":"Cucumber","actors":[{"name":"User","can":["browse the web","call an API at https://fakestoreapi.com"]}],"result":"SUCCESS"}