"Story","Title","Result","Date","Stability","Duration (s)"
"Products service Fake Store API","User get all products","SUCCESS","2023-04-15T19:45:58.6245636+07:00[Asia/Jakarta]","0.0","1.52"
"Products service Fake Store API","User get single products","SUCCESS","2023-04-15T19:46:00.1695986+07:00[Asia/Jakarta]","0.0","1.01"
"Products service Fake Store API","User edit product with given id","SUCCESS","2023-04-15T19:46:02.9966346+07:00[Asia/Jakarta]","0.0","1.11"
"Products service Fake Store API","User delete product","SUCCESS","2023-04-15T19:46:04.1256392+07:00[Asia/Jakarta]","0.0","1.38"
"Products service Fake Store API","User get all products with sort","SUCCESS","2023-04-15T19:46:05.5146358+07:00[Asia/Jakarta]","0.0","1.3"
"Products service Fake Store API","User get all category products","SUCCESS","2023-04-15T19:46:06.8376812+07:00[Asia/Jakarta]","0.0","1.02"
"Products service Fake Store API","User get specific category products","SUCCESS","2023-04-15T19:46:07.8736866+07:00[Asia/Jakarta]","0.0","1.32"
