{"name":"User get single carts","id":"cart-service-fake-store-api;user-get-single-carts","testSteps":[{"number":1,"description":"Given User call an api \"/carts/5\" with method \"GET\"","duration":1206,"startTime":"2023-04-15T19:45:45.332508+07:00[Asia/Jakarta]","result":"SUCCESS","precondition":false,"level":0,"children":[{"number":2,"description":"User executes a GET on the resource /carts/5","duration":1169,"startTime":"2023-04-15T19:45:45.357509400+07:00[Asia/Jakarta]","result":"SUCCESS","precondition":false,"level":1,"children":[{"number":3,"description":"GET https://fakestoreapi.com/carts/5","duration":0,"startTime":"2023-04-15T19:45:46.526993600+07:00[Asia/Jakarta]","result":"SUCCESS","restQuery":{"method":"GET","path":"https://fakestoreapi.com/carts/5","content":"","contentType":"application/json","requestHeaders":"Accept\u003d*/*\r\n\t\t\t\tContent-Type\u003dapplication/json","requestCookies":"","responseHeaders":"Date: Sat, 15 Apr 2023 12:45:46 GMT\r\nContent-Type: application/json; charset\u003dutf-8\r\nTransfer-Encoding: chunked\r\nConnection: keep-alive\r\nAccess-Control-Allow-Origin: *\r\nEtag: W/\"84-gdIyDDM4F2vHdbWZQxEVv0T8aPA\"\r\nX-Powered-By: Express\r\nCF-Cache-Status: DYNAMIC\r\nReport-To: {\"endpoints\":[{\"url\":\"https:\\/\\/a.nel.cloudflare.com\\/report\\/v3?s\u003dLWSS4QrMkeRKITou%2BcDr3L2SHJu3EdG%2BuFUlijlHMQDNrz3e9OwCDu%2BAr66UtnNFgSY2YCxgA7kr9uzhaqOea1sqiwf9Tnthy5m8WZUgADQGirv0Jls2NHp8HWjY4wF38FZL\"}],\"group\":\"cf-nel\",\"max_age\":604800}\r\nNEL: {\"success_fraction\":0,\"report_to\":\"cf-nel\",\"max_age\":604800}\r\nServer: cloudflare\r\nCF-RAY: 7b84499969d93f53-SIN\r\nContent-Encoding: gzip\r\nalt-svc: h3\u003d\":443\"; ma\u003d86400, h3-29\u003d\":443\"; ma\u003d86400\r","responseCookies":"\r","responseBody":"{\n    \"id\": 5,\n    \"userId\": 3,\n    \"date\": \"2020-03-01T00:00:00.000Z\",\n    \"products\": [\n        {\n            \"productId\": 7,\n            \"quantity\": 1\n        },\n        {\n            \"productId\": 8,\n            \"quantity\": 1\n        }\n    ],\n    \"__v\": 0\n}","statusCode":200},"precondition":false,"level":2}]}]},{"number":4,"description":"Then User verify response is match with json schema \"singlecarts.json\"","duration":40,"startTime":"2023-04-15T19:45:46.543010700+07:00[Asia/Jakarta]","result":"SUCCESS","precondition":false,"level":0}],"userStory":{"id":"cart-service-fake-store-api","storyName":"Cart Service Fake Store API","displayName":"Cart Service Fake Store API","path":"cart.feature","type":"feature","qualifiedTag":{"name":"Cart Service Fake Store API","type":"feature","displayName":"Cart Service Fake Store API"}},"featureTag":{"name":"Cart Service Fake Store API","type":"feature","displayName":"Cart Service Fake Store API"},"title":"User get single carts","description":"","tags":[{"name":"Windows","type":"context","displayName":"Windows"},{"name":"Cart Service Fake Store API","type":"feature","displayName":"Cart Service Fake Store API"},{"name":"FakeStoreAPI","type":"tag","displayName":"FakeStoreAPI"},{"name":"GetSingleCarts","type":"tag","displayName":"GetSingleCarts"},{"name":"CartFakeStore","type":"tag","displayName":"CartFakeStore"}],"allTags":[{"name":"Windows","type":"context","displayName":"Windows"},{"name":"Cart Service Fake Store API","type":"feature","displayName":"Cart Service Fake Store API"},{"name":"FakeStoreAPI","type":"tag","displayName":"FakeStoreAPI"},{"name":"GetSingleCarts","type":"tag","displayName":"GetSingleCarts"},{"name":"CartFakeStore","type":"tag","displayName":"CartFakeStore"}],"startTime":"2023-04-15T19:45:45.299507900+07:00[Asia/Jakarta]","duration":1285,"projectKey":"","isManualTestingUpToDate":false,"context":"windows","manual":false,"testSource":"Cucumber","actors":[{"name":"User","can":["browse the web","call an API at https://fakestoreapi.com"]}],"result":"SUCCESS"}