{"name":"User add new carts","id":"cart-service-fake-store-api;user-add-new-carts","testSteps":[{"number":1,"description":"Given User call an api \"/carts\" with method \"POST\" with payload below\r\n| id | userId | date | productId | quantity |\r\n| 7 | 5 | 2020-02-03 | 1 | 5 |","duration":900,"startTime":"2023-04-15T19:45:54.973407400+07:00[Asia/Jakarta]","result":"SUCCESS","precondition":false,"level":0,"children":[{"number":2,"description":"User executes a POST on the resource /carts","duration":852,"startTime":"2023-04-15T19:45:55.011401400+07:00[Asia/Jakarta]","result":"SUCCESS","precondition":false,"level":1,"children":[{"number":3,"description":"POST https://fakestoreapi.com/carts","duration":0,"startTime":"2023-04-15T19:45:55.863860900+07:00[Asia/Jakarta]","result":"SUCCESS","restQuery":{"method":"POST","path":"https://fakestoreapi.com/carts","content":"{\n    \"date\": \"2020-02-03\",\n    \"quantity\": \"5\",\n    \"productId\": \"1\",\n    \"id\": \"7\",\n    \"userId\": \"5\"\n}","contentType":"application/json","requestHeaders":"Accept\u003d*/*\r\n\t\t\t\tContent-Type\u003dapplication/json","requestCookies":"","responseHeaders":"Date: Sat, 15 Apr 2023 12:45:55 GMT\r\nContent-Type: application/json; charset\u003dutf-8\r\nContent-Length: 42\r\nConnection: keep-alive\r\nAccess-Control-Allow-Origin: *\r\nEtag: W/\"2a-kuGWxOFIc9pylyCcbUFCJY3nx4s\"\r\nX-Powered-By: Express\r\nCF-Cache-Status: DYNAMIC\r\nReport-To: {\"endpoints\":[{\"url\":\"https:\\/\\/a.nel.cloudflare.com\\/report\\/v3?s\u003dLlQ8mpurcq4Wo294szZwNST%2BjFmxVj4%2B%2B%2FYBy76DRopWZkkUuwFVFvxGH42ZrZpI9pvZy8QlP0yD8Mbkk78dI%2FSoAAu%2FBy4JxV3DsLUOicSDCN5qCbGD6XF%2FZ7mwgX%2BjktXS\"}],\"group\":\"cf-nel\",\"max_age\":604800}\r\nNEL: {\"success_fraction\":0,\"report_to\":\"cf-nel\",\"max_age\":604800}\r\nServer: cloudflare\r\nCF-RAY: 7b8449d52beb3d95-SIN\r\nalt-svc: h3\u003d\":443\"; ma\u003d86400, h3-29\u003d\":443\"; ma\u003d86400\r","responseCookies":"\r","responseBody":"{\n    \"id\": 11,\n    \"userId\": \"5\",\n    \"date\": \"2020-02-03\"\n}","statusCode":200},"precondition":false,"level":2}]}]},{"number":4,"description":"Then User verify response is match with json schema \"updatecarts.json\"","duration":28,"startTime":"2023-04-15T19:45:55.877904400+07:00[Asia/Jakarta]","result":"SUCCESS","precondition":false,"level":0}],"userStory":{"id":"cart-service-fake-store-api","storyName":"Cart Service Fake Store API","displayName":"Cart Service Fake Store API","path":"cart.feature","type":"feature","qualifiedTag":{"name":"Cart Service Fake Store API","type":"feature","displayName":"Cart Service Fake Store API"}},"featureTag":{"name":"Cart Service Fake Store API","type":"feature","displayName":"Cart Service Fake Store API"},"title":"User add new carts","description":"","tags":[{"name":"Windows","type":"context","displayName":"Windows"},{"name":"AddCarts","type":"tag","displayName":"AddCarts"},{"name":"Cart Service Fake Store API","type":"feature","displayName":"Cart Service Fake Store API"},{"name":"FakeStoreAPI","type":"tag","displayName":"FakeStoreAPI"},{"name":"CartFakeStore","type":"tag","displayName":"CartFakeStore"}],"allTags":[{"name":"Windows","type":"context","displayName":"Windows"},{"name":"AddCarts","type":"tag","displayName":"AddCarts"},{"name":"Cart Service Fake Store API","type":"feature","displayName":"Cart Service Fake Store API"},{"name":"FakeStoreAPI","type":"tag","displayName":"FakeStoreAPI"},{"name":"CartFakeStore","type":"tag","displayName":"CartFakeStore"}],"startTime":"2023-04-15T19:45:54.958406600+07:00[Asia/Jakarta]","duration":950,"projectKey":"","isManualTestingUpToDate":false,"context":"windows","manual":false,"testSource":"Cucumber","actors":[{"name":"User","can":["browse the web","call an API at https://fakestoreapi.com"]}],"result":"SUCCESS"}