{"name":"User get all category products","id":"products-service-fake-store-api;user-get-all-category-products","testSteps":[{"number":1,"description":"Given User call an api \"/products/categories\" with method \"GET\"","duration":988,"startTime":"2023-04-15T19:46:06.857682800+07:00[Asia/Jakarta]","result":"SUCCESS","precondition":false,"level":0,"children":[{"number":2,"description":"User executes a GET on the resource /products/categories","duration":969,"startTime":"2023-04-15T19:46:06.872679300+07:00[Asia/Jakarta]","result":"SUCCESS","precondition":false,"level":1,"children":[{"number":3,"description":"GET https://fakestoreapi.com/products/categories","duration":0,"startTime":"2023-04-15T19:46:07.841699+07:00[Asia/Jakarta]","result":"SUCCESS","restQuery":{"method":"GET","path":"https://fakestoreapi.com/products/categories","content":"","contentType":"application/json","requestHeaders":"Accept\u003d*/*\r\n\t\t\t\tContent-Type\u003dapplication/json","requestCookies":"","responseHeaders":"Date: Sat, 15 Apr 2023 12:46:07 GMT\r\nContent-Type: application/json; charset\u003dutf-8\r\nTransfer-Encoding: chunked\r\nConnection: keep-alive\r\nAccess-Control-Allow-Origin: *\r\nEtag: W/\"3e-cdq81BKoKIRIQmboBVN84Vj+vkM\"\r\nX-Powered-By: Express\r\nCF-Cache-Status: DYNAMIC\r\nReport-To: {\"endpoints\":[{\"url\":\"https:\\/\\/a.nel.cloudflare.com\\/report\\/v3?s\u003dyOfy0SVgzPj0jgap8o5KrXBm1K2ysjIYHj%2F5eECKkR7n6c8M2dqeVVkyy1Du86k5uqDueDlZ%2FY%2FQAg2thMpaItgihtOH9sjflh8TdF%2FzCF50E931rL3cebsXAzFXNzQAtn2b\"}],\"group\":\"cf-nel\",\"max_age\":604800}\r\nNEL: {\"success_fraction\":0,\"report_to\":\"cf-nel\",\"max_age\":604800}\r\nServer: cloudflare\r\nCF-RAY: 7b844a202e3d3f93-SIN\r\nContent-Encoding: gzip\r\nalt-svc: h3\u003d\":443\"; ma\u003d86400, h3-29\u003d\":443\"; ma\u003d86400\r","responseCookies":"\r","responseBody":"[\n    \"electronics\",\n    \"jewelery\",\n    \"men\u0027s clothing\",\n    \"women\u0027s clothing\"\n]","statusCode":200},"precondition":false,"level":2}]}]},{"number":4,"description":"Then User verify response is match with json schema \"allcategoryproducts.json\"","duration":11,"startTime":"2023-04-15T19:46:07.846700600+07:00[Asia/Jakarta]","result":"SUCCESS","precondition":false,"level":0}],"userStory":{"id":"products-service-fake-store-api","storyName":"Products service Fake Store API","displayName":"Products service Fake Store API","path":"produk.feature","type":"feature","qualifiedTag":{"name":"Products service Fake Store API","type":"feature","displayName":"Products service Fake Store API"}},"featureTag":{"name":"Products service Fake Store API","type":"feature","displayName":"Products service Fake Store API"},"title":"User get all category products","description":"","tags":[{"name":"Windows","type":"context","displayName":"Windows"},{"name":"ProductsFakeStore","type":"tag","displayName":"ProductsFakeStore"},{"name":"FakeStoreAPI","type":"tag","displayName":"FakeStoreAPI"},{"name":"GetAllCategoryProducts","type":"tag","displayName":"GetAllCategoryProducts"},{"name":"Products service Fake Store API","type":"feature","displayName":"Products service Fake Store API"}],"allTags":[{"name":"Windows","type":"context","displayName":"Windows"},{"name":"ProductsFakeStore","type":"tag","displayName":"ProductsFakeStore"},{"name":"FakeStoreAPI","type":"tag","displayName":"FakeStoreAPI"},{"name":"GetAllCategoryProducts","type":"tag","displayName":"GetAllCategoryProducts"},{"name":"Products service Fake Store API","type":"feature","displayName":"Products service Fake Store API"}],"startTime":"2023-04-15T19:46:06.837681200+07:00[Asia/Jakarta]","duration":1022,"projectKey":"","isManualTestingUpToDate":false,"context":"windows","manual":false,"testSource":"Cucumber","actors":[{"name":"User","can":["browse the web","call an API at https://fakestoreapi.com"]}],"result":"SUCCESS"}