{"name":"User get limit result","id":"user-service-fake-store-api;user-get-limit-result","testSteps":[{"number":1,"description":"Given User call an api \"/users?limit\u003d5\" with method \"GET\"","duration":1502,"startTime":"2023-04-15T19:46:11.957683400+07:00[Asia/Jakarta]","result":"SUCCESS","precondition":false,"level":0,"children":[{"number":2,"description":"User executes a GET on the resource /users?limit\u003d5","duration":1479,"startTime":"2023-04-15T19:46:11.977682400+07:00[Asia/Jakarta]","result":"SUCCESS","precondition":false,"level":1,"children":[{"number":3,"description":"GET https://fakestoreapi.com/users?limit\u003d5","duration":0,"startTime":"2023-04-15T19:46:13.457675+07:00[Asia/Jakarta]","result":"SUCCESS","restQuery":{"method":"GET","path":"https://fakestoreapi.com/users?limit\u003d5","content":"","contentType":"application/json","requestHeaders":"Accept\u003d*/*\r\n\t\t\t\tContent-Type\u003dapplication/json","requestCookies":"","responseHeaders":"Date: Sat, 15 Apr 2023 12:46:13 GMT\r\nContent-Type: application/json; charset\u003dutf-8\r\nTransfer-Encoding: chunked\r\nConnection: keep-alive\r\nAccess-Control-Allow-Origin: *\r\nEtag: W/\"5ce-+0GJhAfCK2NBgUwTph+dnA6PeEY\"\r\nX-Powered-By: Express\r\nCF-Cache-Status: DYNAMIC\r\nReport-To: {\"endpoints\":[{\"url\":\"https:\\/\\/a.nel.cloudflare.com\\/report\\/v3?s\u003dEMOySwt162a9L9MvfkkIFXVrDQ8jOTgOB37mh8wYAN065HLYXUZP%2B2v2URzzyq68R8Fe1NY9oD6jEUzC3Jh2pq5zgRVb67nsL0HeBiIntr8mzV8jpr7aYyvC%2BrYx%2F5%2FTpLqj\"}],\"group\":\"cf-nel\",\"max_age\":604800}\r\nNEL: {\"success_fraction\":0,\"report_to\":\"cf-nel\",\"max_age\":604800}\r\nServer: cloudflare\r\nCF-RAY: 7b844a412d546c7d-SIN\r\nContent-Encoding: gzip\r\nalt-svc: h3\u003d\":443\"; ma\u003d86400, h3-29\u003d\":443\"; ma\u003d86400\r","responseCookies":"\r","responseBody":"[\n    {\n        \"address\": {\n            \"geolocation\": {\n                \"lat\": \"-37.3159\",\n                \"long\": \"81.1496\"\n            },\n            \"city\": \"kilcoole\",\n            \"street\": \"new road\",\n            \"number\": 7682,\n            \"zipcode\": \"12926-3874\"\n        },\n        \"id\": 1,\n        \"email\": \"john@gmail.com\",\n        \"username\": \"johnd\",\n        \"password\": \"m38rmF$\",\n        \"name\": {\n            \"firstname\": \"john\",\n            \"lastname\": \"doe\"\n        },\n        \"phone\": \"1-570-236-7033\",\n        \"__v\": 0\n    },\n    {\n        \"address\": {\n            \"geolocation\": {\n                \"lat\": \"-37.3159\",\n                \"long\": \"81.1496\"\n            },\n            \"city\": \"kilcoole\",\n            \"street\": \"Lovers Ln\",\n            \"number\": 7267,\n            \"zipcode\": \"12926-3874\"\n        },\n        \"id\": 2,\n        \"email\": \"morrison@gmail.com\",\n        \"username\": \"mor_2314\",\n        \"password\": \"83r5^_\",\n        \"name\": {\n            \"firstname\": \"david\",\n            \"lastname\": \"morrison\"\n        },\n        \"phone\": \"1-570-236-7033\",\n        \"__v\": 0\n    },\n    {\n        \"address\": {\n            \"geolocation\": {\n                \"lat\": \"40.3467\",\n                \"long\": \"-30.1310\"\n            },\n            \"city\": \"Cullman\",\n            \"street\": \"Frances Ct\",\n            \"number\": 86,\n            \"zipcode\": \"29567-1452\"\n        },\n        \"id\": 3,\n        \"email\": \"kevin@gmail.com\",\n        \"username\": \"kevinryan\",\n        \"password\": \"kev02937@\",\n        \"name\": {\n            \"firstname\": \"kevin\",\n            \"lastname\": \"ryan\"\n        },\n        \"phone\": \"1-567-094-1345\",\n        \"__v\": 0\n    },\n    {\n        \"address\": {\n            \"geolocation\": {\n                \"lat\": \"50.3467\",\n                \"long\": \"-20.1310\"\n            },\n            \"city\": \"San Antonio\",\n            \"street\": \"Hunters Creek Dr\",\n            \"number\": 6454,\n            \"zipcode\": \"98234-1734\"\n        },\n        \"id\": 4,\n        \"email\": \"don@gmail.com\",\n        \"username\": \"donero\",\n        \"password\": \"ewedon\",\n        \"name\": {\n            \"firstname\": \"don\",\n            \"lastname\": \"romer\"\n        },\n        \"phone\": \"1-765-789-6734\",\n        \"__v\": 0\n    },\n    {\n        \"address\": {\n            \"geolocation\": {\n                \"lat\": \"40.3467\",\n                \"long\": \"-40.1310\"\n            },\n            \"city\": \"san Antonio\",\n            \"street\": \"adams St\",\n            \"number\": 245,\n            \"zipcode\": \"80796-1234\"\n        },\n        \"id\": 5,\n        \"email\": \"derek@gmail.com\",\n        \"username\": \"derek\",\n        \"password\": \"jklg*_56\",\n        \"name\": {\n            \"firstname\": \"derek\",\n            \"lastname\": \"powell\"\n        },\n        \"phone\": \"1-956-001-1945\",\n        \"__v\": 0\n    }\n]","statusCode":200},"precondition":false,"level":2}]}]},{"number":4,"description":"Then User verify response is match with json schema \"limitusers.json\"","duration":46,"startTime":"2023-04-15T19:46:13.462678100+07:00[Asia/Jakarta]","result":"SUCCESS","precondition":false,"level":0}],"userStory":{"id":"user-service-fake-store-api","storyName":"User Service Fake Store API","displayName":"User Service Fake Store API","path":"user.feature","type":"feature","qualifiedTag":{"name":"User Service Fake Store API","type":"feature","displayName":"User Service Fake Store API"}},"featureTag":{"name":"User Service Fake Store API","type":"feature","displayName":"User Service Fake Store API"},"title":"User get limit result","description":"","tags":[{"name":"Windows","type":"context","displayName":"Windows"},{"name":"UserFakeStore","type":"tag","displayName":"UserFakeStore"},{"name":"FakeStoreAPI","type":"tag","displayName":"FakeStoreAPI"},{"name":"User Service Fake Store API","type":"feature","displayName":"User Service Fake Store API"},{"name":"GetLimitResultUsers","type":"tag","displayName":"GetLimitResultUsers"}],"allTags":[{"name":"Windows","type":"context","displayName":"Windows"},{"name":"UserFakeStore","type":"tag","displayName":"UserFakeStore"},{"name":"FakeStoreAPI","type":"tag","displayName":"FakeStoreAPI"},{"name":"User Service Fake Store API","type":"feature","displayName":"User Service Fake Store API"},{"name":"GetLimitResultUsers","type":"tag","displayName":"GetLimitResultUsers"}],"startTime":"2023-04-15T19:46:11.944690700+07:00[Asia/Jakarta]","duration":1565,"projectKey":"","isManualTestingUpToDate":false,"context":"windows","manual":false,"testSource":"Cucumber","actors":[{"name":"User","can":["browse the web","call an API at https://fakestoreapi.com"]}],"result":"SUCCESS"}