"Story","Title","Result","Date","Stability","Duration (s)"
"Cart Service Fake Store API","User get all carts","SUCCESS","2023-04-15T19:45:35.8756328+07:00[Asia/Jakarta]","0.0","9.38"
"Cart Service Fake Store API","User get single carts","SUCCESS","2023-04-15T19:45:45.2995079+07:00[Asia/Jakarta]","0.0","1.29"
"Cart Service Fake Store API","User get sort carts","SUCCESS","2023-04-15T19:45:46.6173506+07:00[Asia/Jakarta]","0.0","1.53"
"Cart Service Fake Store API","User get limit result carts","SUCCESS","2023-04-15T19:45:48.1707891+07:00[Asia/Jakarta]","0.0","1.98"
"Cart Service Fake Store API","User Get carts in a date range","SUCCESS","2023-04-15T19:45:50.17752+07:00[Asia/Jakarta]","0.0","1.51"
"Cart Service Fake Store API","User delete carts","SUCCESS","2023-04-15T19:45:51.7058871+07:00[Asia/Jakarta]","0.0","1.65"
"Cart Service Fake Store API","User update carts","SUCCESS","2023-04-15T19:45:53.3827841+07:00[Asia/Jakarta]","0.0","1.55"
