{"name":"User get single user","id":"user-service-fake-store-api;user-get-single-user","testSteps":[{"number":1,"description":"Given User call an api \"/users/1\" with method \"GET\"","duration":1248,"startTime":"2023-04-15T19:46:10.661687100+07:00[Asia/Jakarta]","result":"SUCCESS","precondition":false,"level":0,"children":[{"number":2,"description":"User executes a GET on the resource /users/1","duration":1230,"startTime":"2023-04-15T19:46:10.675681400+07:00[Asia/Jakarta]","result":"SUCCESS","precondition":false,"level":1,"children":[{"number":3,"description":"GET https://fakestoreapi.com/users/1","duration":0,"startTime":"2023-04-15T19:46:11.906677500+07:00[Asia/Jakarta]","result":"SUCCESS","restQuery":{"method":"GET","path":"https://fakestoreapi.com/users/1","content":"","contentType":"application/json","requestHeaders":"Accept\u003d*/*\r\n\t\t\t\tContent-Type\u003dapplication/json","requestCookies":"","responseHeaders":"Date: Sat, 15 Apr 2023 12:46:11 GMT\r\nContent-Type: application/json; charset\u003dutf-8\r\nTransfer-Encoding: chunked\r\nConnection: keep-alive\r\nAccess-Control-Allow-Origin: *\r\nEtag: W/\"120-HNMhv14aQeBJetA9fBvavCZ+gdk\"\r\nX-Powered-By: Express\r\nCF-Cache-Status: DYNAMIC\r\nReport-To: {\"endpoints\":[{\"url\":\"https:\\/\\/a.nel.cloudflare.com\\/report\\/v3?s\u003dNBXPIj6e9bWIb8PXcvUYQUhDerTMxSCBDMH1ky%2B7wqzjT7HKchCguT%2FFJ4IfB3H%2BLpG7nPvsTLSR%2FFFl1rdXZW1kXGAbPpkGzUhUACPwkPQG0FsTT1LQWBqBOXyJO8hGmsvw\"}],\"group\":\"cf-nel\",\"max_age\":604800}\r\nNEL: {\"success_fraction\":0,\"report_to\":\"cf-nel\",\"max_age\":604800}\r\nServer: cloudflare\r\nCF-RAY: 7b844a386d1a3fa4-SIN\r\nContent-Encoding: gzip\r\nalt-svc: h3\u003d\":443\"; ma\u003d86400, h3-29\u003d\":443\"; ma\u003d86400\r","responseCookies":"\r","responseBody":"{\n    \"address\": {\n        \"geolocation\": {\n            \"lat\": \"-37.3159\",\n            \"long\": \"81.1496\"\n        },\n        \"city\": \"kilcoole\",\n        \"street\": \"new road\",\n        \"number\": 7682,\n        \"zipcode\": \"12926-3874\"\n    },\n    \"id\": 1,\n    \"email\": \"john@gmail.com\",\n    \"username\": \"johnd\",\n    \"password\": \"m38rmF$\",\n    \"name\": {\n        \"firstname\": \"john\",\n        \"lastname\": \"doe\"\n    },\n    \"phone\": \"1-570-236-7033\",\n    \"__v\": 0\n}","statusCode":200},"precondition":false,"level":2}]}]},{"number":4,"description":"Then User verify response is match with json schema \"singleusers.json\"","duration":16,"startTime":"2023-04-15T19:46:11.911679+07:00[Asia/Jakarta]","result":"SUCCESS","precondition":false,"level":0}],"userStory":{"id":"user-service-fake-store-api","storyName":"User Service Fake Store API","displayName":"User Service Fake Store API","path":"user.feature","type":"feature","qualifiedTag":{"name":"User Service Fake Store API","type":"feature","displayName":"User Service Fake Store API"}},"featureTag":{"name":"User Service Fake Store API","type":"feature","displayName":"User Service Fake Store API"},"title":"User get single user","description":"","tags":[{"name":"Windows","type":"context","displayName":"Windows"},{"name":"UserFakeStore","type":"tag","displayName":"UserFakeStore"},{"name":"FakeStoreAPI","type":"tag","displayName":"FakeStoreAPI"},{"name":"GetSingleUsers","type":"tag","displayName":"GetSingleUsers"},{"name":"User Service Fake Store API","type":"feature","displayName":"User Service Fake Store API"}],"allTags":[{"name":"Windows","type":"context","displayName":"Windows"},{"name":"UserFakeStore","type":"tag","displayName":"UserFakeStore"},{"name":"FakeStoreAPI","type":"tag","displayName":"FakeStoreAPI"},{"name":"GetSingleUsers","type":"tag","displayName":"GetSingleUsers"},{"name":"User Service Fake Store API","type":"feature","displayName":"User Service Fake Store API"}],"startTime":"2023-04-15T19:46:10.646679800+07:00[Asia/Jakarta]","duration":1283,"projectKey":"","isManualTestingUpToDate":false,"context":"windows","manual":false,"testSource":"Cucumber","actors":[{"name":"User","can":["browse the web","call an API at https://fakestoreapi.com"]}],"result":"SUCCESS"}