{"name":"User get specific category products","id":"products-service-fake-store-api;user-get-specific-category-products","testSteps":[{"number":1,"description":"Given User call an api \"/products/category/jewelery\" with method \"GET\"","duration":1282,"startTime":"2023-04-15T19:46:07.887682900+07:00[Asia/Jakarta]","result":"SUCCESS","precondition":false,"level":0,"children":[{"number":2,"description":"User executes a GET on the resource /products/category/jewelery","duration":1266,"startTime":"2023-04-15T19:46:07.899683300+07:00[Asia/Jakarta]","result":"SUCCESS","precondition":false,"level":1,"children":[{"number":3,"description":"GET https://fakestoreapi.com/products/category/jewelery","duration":0,"startTime":"2023-04-15T19:46:09.166672700+07:00[Asia/Jakarta]","result":"SUCCESS","restQuery":{"method":"GET","path":"https://fakestoreapi.com/products/category/jewelery","content":"","contentType":"application/json","requestHeaders":"Accept\u003d*/*\r\n\t\t\t\tContent-Type\u003dapplication/json","requestCookies":"","responseHeaders":"Date: Sat, 15 Apr 2023 12:46:09 GMT\r\nContent-Type: application/json; charset\u003dutf-8\r\nTransfer-Encoding: chunked\r\nConnection: keep-alive\r\nAccess-Control-Allow-Origin: *\r\nEtag: W/\"600-TYzZtPQf3JY+/8kxrd+p3oB2PyM\"\r\nX-Powered-By: Express\r\nCF-Cache-Status: DYNAMIC\r\nReport-To: {\"endpoints\":[{\"url\":\"https:\\/\\/a.nel.cloudflare.com\\/report\\/v3?s\u003dlQKexKSNd0ezdcEbf%2B3e2V7%2BZkbaQ66HtcoPlZAdUQuhDVUpSf7zQXbuH%2BdWubChQ69Q%2FS%2BigQfFkxVBKO9JM4Avxw6Tm4mdbwMnOg3zGC%2B%2BaCIUaUySLMWZIW6Yxmlr60gd\"}],\"group\":\"cf-nel\",\"max_age\":604800}\r\nNEL: {\"success_fraction\":0,\"report_to\":\"cf-nel\",\"max_age\":604800}\r\nServer: cloudflare\r\nCF-RAY: 7b844a27691b4565-SIN\r\nContent-Encoding: gzip\r\nalt-svc: h3\u003d\":443\"; ma\u003d86400, h3-29\u003d\":443\"; ma\u003d86400\r","responseCookies":"\r","responseBody":"[\n    {\n        \"id\": 5,\n        \"title\": \"John Hardy Women\u0027s Legends Naga Gold \u0026 Silver Dragon Station Chain Bracelet\",\n        \"price\": 695,\n        \"description\": \"From our Legends Collection, the Naga was inspired by the mythical water dragon that protects the ocean\u0027s pearl. Wear facing inward to be bestowed with love and abundance, or outward for protection.\",\n        \"category\": \"jewelery\",\n        \"image\": \"https://fakestoreapi.com/img/71pWzhdJNwL._AC_UL640_QL65_ML3_.jpg\",\n        \"rating\": {\n            \"rate\": 4.6,\n            \"count\": 400\n        }\n    },\n    {\n        \"id\": 6,\n        \"title\": \"Solid Gold Petite Micropave \",\n        \"price\": 168,\n        \"description\": \"Satisfaction Guaranteed. Return or exchange any order within 30 days.Designed and sold by Hafeez Center in the United States. Satisfaction Guaranteed. Return or exchange any order within 30 days.\",\n        \"category\": \"jewelery\",\n        \"image\": \"https://fakestoreapi.com/img/61sbMiUnoGL._AC_UL640_QL65_ML3_.jpg\",\n        \"rating\": {\n            \"rate\": 3.9,\n            \"count\": 70\n        }\n    },\n    {\n        \"id\": 7,\n        \"title\": \"White Gold Plated Princess\",\n        \"price\": 9.99,\n        \"description\": \"Classic Created Wedding Engagement Solitaire Diamond Promise Ring for Her. Gifts to spoil your love more for Engagement, Wedding, Anniversary, Valentine\u0027s Day...\",\n        \"category\": \"jewelery\",\n        \"image\": \"https://fakestoreapi.com/img/71YAIFU48IL._AC_UL640_QL65_ML3_.jpg\",\n        \"rating\": {\n            \"rate\": 3,\n            \"count\": 400\n        }\n    },\n    {\n        \"id\": 8,\n        \"title\": \"Pierced Owl Rose Gold Plated Stainless Steel Double\",\n        \"price\": 10.99,\n        \"description\": \"Rose Gold Plated Double Flared Tunnel Plug Earrings. Made of 316L Stainless Steel\",\n        \"category\": \"jewelery\",\n        \"image\": \"https://fakestoreapi.com/img/51UDEzMJVpL._AC_UL640_QL65_ML3_.jpg\",\n        \"rating\": {\n            \"rate\": 1.9,\n            \"count\": 100\n        }\n    }\n]","statusCode":200},"precondition":false,"level":2}]}]},{"number":4,"description":"Then User verify response is match with json schema \"speccategoryproducts.json\"","duration":25,"startTime":"2023-04-15T19:46:09.171679600+07:00[Asia/Jakarta]","result":"SUCCESS","precondition":false,"level":0}],"userStory":{"id":"products-service-fake-store-api","storyName":"Products service Fake Store API","displayName":"Products service Fake Store API","path":"produk.feature","type":"feature","qualifiedTag":{"name":"Products service Fake Store API","type":"feature","displayName":"Products service Fake Store API"}},"featureTag":{"name":"Products service Fake Store API","type":"feature","displayName":"Products service Fake Store API"},"title":"User get specific category products","description":"","tags":[{"name":"Windows","type":"context","displayName":"Windows"},{"name":"ProductsFakeStore","type":"tag","displayName":"ProductsFakeStore"},{"name":"FakeStoreAPI","type":"tag","displayName":"FakeStoreAPI"},{"name":"GetSpecificCategoryProducts","type":"tag","displayName":"GetSpecificCategoryProducts"},{"name":"Products service Fake Store API","type":"feature","displayName":"Products service Fake Store API"}],"allTags":[{"name":"Windows","type":"context","displayName":"Windows"},{"name":"ProductsFakeStore","type":"tag","displayName":"ProductsFakeStore"},{"name":"FakeStoreAPI","type":"tag","displayName":"FakeStoreAPI"},{"name":"GetSpecificCategoryProducts","type":"tag","displayName":"GetSpecificCategoryProducts"},{"name":"Products service Fake Store API","type":"feature","displayName":"Products service Fake Store API"}],"startTime":"2023-04-15T19:46:07.873686600+07:00[Asia/Jakarta]","duration":1323,"projectKey":"","isManualTestingUpToDate":false,"context":"windows","manual":false,"testSource":"Cucumber","actors":[{"name":"User","can":["browse the web","call an API at https://fakestoreapi.com"]}],"result":"SUCCESS"}