{"name":"User get all carts","id":"cart-service-fake-store-api;user-get-all-carts","testSteps":[{"number":1,"description":"Given User call an api \"/carts\" with method \"GET\"","duration":8000,"startTime":"2023-04-15T19:45:36.351627200+07:00[Asia/Jakarta]","result":"SUCCESS","precondition":false,"level":0,"children":[{"number":2,"description":"User executes a GET on the resource /carts","duration":7195,"startTime":"2023-04-15T19:45:37.141627700+07:00[Asia/Jakarta]","result":"SUCCESS","precondition":false,"level":1,"children":[{"number":3,"description":"GET https://fakestoreapi.com/carts","duration":1,"startTime":"2023-04-15T19:45:44.332504200+07:00[Asia/Jakarta]","result":"SUCCESS","restQuery":{"method":"GET","path":"https://fakestoreapi.com/carts","content":"","contentType":"application/json","requestHeaders":"Accept\u003d*/*\r\n\t\t\t\tContent-Type\u003dapplication/json","requestCookies":"","responseHeaders":"Date: Sat, 15 Apr 2023 12:45:43 GMT\r\nContent-Type: application/json; charset\u003dutf-8\r\nTransfer-Encoding: chunked\r\nConnection: keep-alive\r\nAccess-Control-Allow-Origin: *\r\nEtag: W/\"3a8-j3C8983spvK8GpaSYa+SyYlAS2A\"\r\nX-Powered-By: Express\r\nCF-Cache-Status: DYNAMIC\r\nReport-To: {\"endpoints\":[{\"url\":\"https:\\/\\/a.nel.cloudflare.com\\/report\\/v3?s\u003d5H5q3z%2FjuH%2B0y%2FwNi0djEuiLhg5h8dJU4bfoYS%2FMTlNijB6NjPUVHSHx6zdJbKsmwbKBQr6Ov6dR7qGDDObpbj55IuIKaaUNQawQVoJzkD6bxlO%2FDHN7Pj%2FQAjtkCzUwOOT9\"}],\"group\":\"cf-nel\",\"max_age\":604800}\r\nNEL: {\"success_fraction\":0,\"report_to\":\"cf-nel\",\"max_age\":604800}\r\nServer: cloudflare\r\nCF-RAY: 7b84498aa96c3fd7-SIN\r\nContent-Encoding: gzip\r\nalt-svc: h3\u003d\":443\"; ma\u003d86400, h3-29\u003d\":443\"; ma\u003d86400\r","responseCookies":"\r","responseBody":"[\n    {\n        \"id\": 1,\n        \"userId\": 1,\n        \"date\": \"2020-03-02T00:00:00.000Z\",\n        \"products\": [\n            {\n                \"productId\": 1,\n                \"quantity\": 4\n            },\n            {\n                \"productId\": 2,\n                \"quantity\": 1\n            },\n            {\n                \"productId\": 3,\n                \"quantity\": 6\n            }\n        ],\n        \"__v\": 0\n    },\n    {\n        \"id\": 2,\n        \"userId\": 1,\n        \"date\": \"2020-01-02T00:00:00.000Z\",\n        \"products\": [\n            {\n                \"productId\": 2,\n                \"quantity\": 4\n            },\n            {\n                \"productId\": 1,\n                \"quantity\": 10\n            },\n            {\n                \"productId\": 5,\n                \"quantity\": 2\n            }\n        ],\n        \"__v\": 0\n    },\n    {\n        \"id\": 3,\n        \"userId\": 2,\n        \"date\": \"2020-03-01T00:00:00.000Z\",\n        \"products\": [\n            {\n                \"productId\": 1,\n                \"quantity\": 2\n            },\n            {\n                \"productId\": 9,\n                \"quantity\": 1\n            }\n        ],\n        \"__v\": 0\n    },\n    {\n        \"id\": 4,\n        \"userId\": 3,\n        \"date\": \"2020-01-01T00:00:00.000Z\",\n        \"products\": [\n            {\n                \"productId\": 1,\n                \"quantity\": 4\n            }\n        ],\n        \"__v\": 0\n    },\n    {\n        \"id\": 5,\n        \"userId\": 3,\n        \"date\": \"2020-03-01T00:00:00.000Z\",\n        \"products\": [\n            {\n                \"productId\": 7,\n                \"quantity\": 1\n            },\n            {\n                \"productId\": 8,\n                \"quantity\": 1\n            }\n        ],\n        \"__v\": 0\n    },\n    {\n        \"id\": 6,\n        \"userId\": 4,\n        \"date\": \"2020-03-01T00:00:00.000Z\",\n        \"products\": [\n            {\n                \"productId\": 10,\n                \"quantity\": 2\n            },\n            {\n                \"productId\": 12,\n                \"quantity\": 3\n            }\n        ],\n        \"__v\": 0\n    },\n    {\n        \"id\": 7,\n        \"userId\": 8,\n        \"date\": \"2020-03-01T00:00:00.000Z\",\n        \"products\": [\n            {\n                \"productId\": 18,\n                \"quantity\": 1\n            }\n        ],\n        \"__v\": 0\n    }\n]","statusCode":200},"precondition":false,"level":2}]}]},{"number":4,"description":"Then User verify response is match with json schema \"allcarts.json\"","duration":892,"startTime":"2023-04-15T19:45:44.354506100+07:00[Asia/Jakarta]","result":"SUCCESS","precondition":false,"level":0}],"userStory":{"id":"cart-service-fake-store-api","storyName":"Cart Service Fake Store API","displayName":"Cart Service Fake Store API","path":"cart.feature","type":"feature","qualifiedTag":{"name":"Cart Service Fake Store API","type":"feature","displayName":"Cart Service Fake Store API"}},"featureTag":{"name":"Cart Service Fake Store API","type":"feature","displayName":"Cart Service Fake Store API"},"title":"User get all carts","description":"","tags":[{"name":"GetAllCarts","type":"tag","displayName":"GetAllCarts"},{"name":"Windows","type":"context","displayName":"Windows"},{"name":"Cart Service Fake Store API","type":"feature","displayName":"Cart Service Fake Store API"},{"name":"FakeStoreAPI","type":"tag","displayName":"FakeStoreAPI"},{"name":"CartFakeStore","type":"tag","displayName":"CartFakeStore"}],"allTags":[{"name":"GetAllCarts","type":"tag","displayName":"GetAllCarts"},{"name":"Windows","type":"context","displayName":"Windows"},{"name":"Cart Service Fake Store API","type":"feature","displayName":"Cart Service Fake Store API"},{"name":"FakeStoreAPI","type":"tag","displayName":"FakeStoreAPI"},{"name":"CartFakeStore","type":"tag","displayName":"CartFakeStore"}],"startTime":"2023-04-15T19:45:35.875632800+07:00[Asia/Jakarta]","duration":9375,"projectKey":"","isManualTestingUpToDate":false,"context":"windows","manual":false,"testSource":"Cucumber","actors":[{"name":"User","can":["browse the web","call an API at https://fakestoreapi.com"]}],"result":"SUCCESS"}