{"name":"User login with correct username and password","id":"login-to-fake-store-api;user-login-with-correct-username-and-password","testSteps":[{"number":1,"description":"Given User call an api \"/auth/login\" with method \"POST\" with payload below\r\n| username | password |\r\n| mor_2314 | 83r5^_ |","duration":1273,"startTime":"2023-04-15T19:45:55.957855100+07:00[Asia/Jakarta]","result":"SUCCESS","precondition":false,"level":0,"children":[{"number":2,"description":"User executes a POST on the resource /auth/login","duration":1254,"startTime":"2023-04-15T19:45:55.972853100+07:00[Asia/Jakarta]","result":"SUCCESS","precondition":false,"level":1,"children":[{"number":3,"description":"POST https://fakestoreapi.com/auth/login","duration":0,"startTime":"2023-04-15T19:45:57.227570800+07:00[Asia/Jakarta]","result":"SUCCESS","restQuery":{"method":"POST","path":"https://fakestoreapi.com/auth/login","content":"{\n    \"password\": \"83r5^_\",\n    \"username\": \"mor_2314\"\n}","contentType":"application/json","requestHeaders":"Accept\u003d*/*\r\n\t\t\t\tContent-Type\u003dapplication/json","requestCookies":"","responseHeaders":"Date: Sat, 15 Apr 2023 12:45:57 GMT\r\nContent-Type: application/json; charset\u003dutf-8\r\nTransfer-Encoding: chunked\r\nConnection: keep-alive\r\nAccess-Control-Allow-Origin: *\r\nEtag: W/\"98-H8eC4t31b4P77wpamXb7DluWK+M\"\r\nX-Powered-By: Express\r\nCF-Cache-Status: DYNAMIC\r\nReport-To: {\"endpoints\":[{\"url\":\"https:\\/\\/a.nel.cloudflare.com\\/report\\/v3?s\u003dgA%2FWZeuc1UEd83YA1pMbWqfZf00DzmjbgcKsdjOoOrfD45XI7ERnaOOSDAsd8dNnpPh15p5e%2FyLXIr9%2FzKa2v5e1FkBnSnuP8opkGpMFcxnyusQEK7nUn3NXkGE%2B1l03GPM%2B\"}],\"group\":\"cf-nel\",\"max_age\":604800}\r\nNEL: {\"success_fraction\":0,\"report_to\":\"cf-nel\",\"max_age\":604800}\r\nServer: cloudflare\r\nCF-RAY: 7b8449dc6fae4828-SIN\r\nContent-Encoding: gzip\r\nalt-svc: h3\u003d\":443\"; ma\u003d86400, h3-29\u003d\":443\"; ma\u003d86400\r","responseCookies":"\r","responseBody":"{\n    \"token\": \"eyJhbGciOiJIUzI1NiIsInR5cCI6IkpXVCJ9.eyJzdWIiOjIsInVzZXIiOiJtb3JfMjMxNCIsImlhdCI6MTY4MTU2Mjc1Nn0.02xWKrFuEJYOoTZ-IWbLzcg198WZAgKLvuItpt7AfUs\"\n}","statusCode":200},"precondition":false,"level":2}]}]},{"number":4,"description":"Then User verify status code is 200","duration":34,"startTime":"2023-04-15T19:45:57.233591200+07:00[Asia/Jakarta]","result":"SUCCESS","precondition":false,"level":0},{"number":5,"description":"Then User verify \"token\" is exist","duration":1277,"startTime":"2023-04-15T19:45:57.270563200+07:00[Asia/Jakarta]","result":"SUCCESS","precondition":false,"level":0}],"userStory":{"id":"login-to-fake-store-api","storyName":"Login to Fake Store API","displayName":"Login to Fake Store API","path":"login.feature","type":"feature","qualifiedTag":{"name":"Login to Fake Store API","type":"feature","displayName":"Login to Fake Store API"}},"featureTag":{"name":"Login to Fake Store API","type":"feature","displayName":"Login to Fake Store API"},"title":"User login with correct username and password","description":"","tags":[{"name":"Windows","type":"context","displayName":"Windows"},{"name":"FakeStoreAPI","type":"tag","displayName":"FakeStoreAPI"},{"name":"LoginFakeStore","type":"tag","displayName":"LoginFakeStore"},{"name":"Login to Fake Store API","type":"feature","displayName":"Login to Fake Store API"}],"allTags":[{"name":"Windows","type":"context","displayName":"Windows"},{"name":"FakeStoreAPI","type":"tag","displayName":"FakeStoreAPI"},{"name":"LoginFakeStore","type":"tag","displayName":"LoginFakeStore"},{"name":"Login to Fake Store API","type":"feature","displayName":"Login to Fake Store API"}],"startTime":"2023-04-15T19:45:55.943860300+07:00[Asia/Jakarta]","duration":2604,"projectKey":"","isManualTestingUpToDate":false,"context":"windows","manual":false,"testSource":"Cucumber","actors":[{"name":"User","can":["browse the web","call an API at https://fakestoreapi.com"]}],"result":"SUCCESS"}