{"name":"User get sort","id":"user-service-fake-store-api;user-get-sort","testSteps":[{"number":1,"description":"Given User call an api \"/users?sort\u003ddesc\" with method \"GET\"","duration":1144,"startTime":"2023-04-15T19:46:13.583692200+07:00[Asia/Jakarta]","result":"SUCCESS","precondition":false,"level":0,"children":[{"number":2,"description":"User executes a GET on the resource /users?sort\u003ddesc","duration":1116,"startTime":"2023-04-15T19:46:13.608677600+07:00[Asia/Jakarta]","result":"SUCCESS","precondition":false,"level":1,"children":[{"number":3,"description":"GET https://fakestoreapi.com/users?sort\u003ddesc","duration":1,"startTime":"2023-04-15T19:46:14.723675+07:00[Asia/Jakarta]","result":"SUCCESS","restQuery":{"method":"GET","path":"https://fakestoreapi.com/users?sort\u003ddesc","content":"","contentType":"application/json","requestHeaders":"Accept\u003d*/*\r\n\t\t\t\tContent-Type\u003dapplication/json","requestCookies":"","responseHeaders":"Date: Sat, 15 Apr 2023 12:46:14 GMT\r\nContent-Type: application/json; charset\u003dutf-8\r\nTransfer-Encoding: chunked\r\nConnection: keep-alive\r\nAccess-Control-Allow-Origin: *\r\nEtag: W/\"bae-RmXgfZyGPwU9Dh6EKhIQkuNoVzY\"\r\nX-Powered-By: Express\r\nCF-Cache-Status: DYNAMIC\r\nReport-To: {\"endpoints\":[{\"url\":\"https:\\/\\/a.nel.cloudflare.com\\/report\\/v3?s\u003d7NWPIKn0PotSrz6MHO0QQjF634QdGK%2FumsQcCfZbpUdGcR%2BJOitGnmczJjWVN4CKa5%2B4ZZBXxka1D4V9c4qHm6%2FpmUVyUhcyvdLMRpVcCShOcSZ4Rg5n0KyZhsOpSn9i5jnq\"}],\"group\":\"cf-nel\",\"max_age\":604800}\r\nNEL: {\"success_fraction\":0,\"report_to\":\"cf-nel\",\"max_age\":604800}\r\nServer: cloudflare\r\nCF-RAY: 7b844a49ea044490-SIN\r\nContent-Encoding: gzip\r\nalt-svc: h3\u003d\":443\"; ma\u003d86400, h3-29\u003d\":443\"; ma\u003d86400\r","responseCookies":"\r","responseBody":"[\n    {\n        \"address\": {\n            \"geolocation\": {\n                \"lat\": \"30.24788\",\n                \"long\": \"-20.545419\"\n            },\n            \"city\": \"fort wayne\",\n            \"street\": \"oak lawn ave\",\n            \"number\": 526,\n            \"zipcode\": \"10256-4532\"\n        },\n        \"id\": 10,\n        \"email\": \"jimmie@gmail.com\",\n        \"username\": \"jimmie_k\",\n        \"password\": \"klein*#%*\",\n        \"name\": {\n            \"firstname\": \"jimmie\",\n            \"lastname\": \"klein\"\n        },\n        \"phone\": \"1-104-001-4567\",\n        \"__v\": 0\n    },\n    {\n        \"address\": {\n            \"geolocation\": {\n                \"lat\": \"40.12456\",\n                \"long\": \"20.5419\"\n            },\n            \"city\": \"miami\",\n            \"street\": \"avondale ave\",\n            \"number\": 345,\n            \"zipcode\": \"96378-0245\"\n        },\n        \"id\": 9,\n        \"email\": \"kate@gmail.com\",\n        \"username\": \"kate_h\",\n        \"password\": \"kfejk@*_\",\n        \"name\": {\n            \"firstname\": \"kate\",\n            \"lastname\": \"hale\"\n        },\n        \"phone\": \"1-678-456-1934\",\n        \"__v\": 0\n    },\n    {\n        \"address\": {\n            \"geolocation\": {\n                \"lat\": \"50.3456\",\n                \"long\": \"10.6419\"\n            },\n            \"city\": \"mesa\",\n            \"street\": \"vally view ln\",\n            \"number\": 1342,\n            \"zipcode\": \"96378-0245\"\n        },\n        \"id\": 8,\n        \"email\": \"william@gmail.com\",\n        \"username\": \"hopkins\",\n        \"password\": \"William56$hj\",\n        \"name\": {\n            \"firstname\": \"william\",\n            \"lastname\": \"hopkins\"\n        },\n        \"phone\": \"1-478-001-0890\",\n        \"__v\": 0\n    },\n    {\n        \"address\": {\n            \"geolocation\": {\n                \"lat\": \"10.3456\",\n                \"long\": \"20.6419\"\n            },\n            \"city\": \"fresno\",\n            \"street\": \"saddle st\",\n            \"number\": 1342,\n            \"zipcode\": \"96378-0245\"\n        },\n        \"id\": 7,\n        \"email\": \"miriam@gmail.com\",\n        \"username\": \"snyder\",\n        \"password\": \"f238\u0026@*$\",\n        \"name\": {\n            \"firstname\": \"miriam\",\n            \"lastname\": \"snyder\"\n        },\n        \"phone\": \"1-123-943-0563\",\n        \"__v\": 0\n    },\n    {\n        \"address\": {\n            \"geolocation\": {\n                \"lat\": \"20.1677\",\n                \"long\": \"-10.6789\"\n            },\n            \"city\": \"el paso\",\n            \"street\": \"prospect st\",\n            \"number\": 124,\n            \"zipcode\": \"12346-0456\"\n        },\n        \"id\": 6,\n        \"email\": \"david_r@gmail.com\",\n        \"username\": \"david_r\",\n        \"password\": \"3478*#54\",\n        \"name\": {\n            \"firstname\": \"david\",\n            \"lastname\": \"russell\"\n        },\n        \"phone\": \"1-678-345-9856\",\n        \"__v\": 0\n    },\n    {\n        \"address\": {\n            \"geolocation\": {\n                \"lat\": \"40.3467\",\n                \"long\": \"-40.1310\"\n            },\n            \"city\": \"san Antonio\",\n            \"street\": \"adams St\",\n            \"number\": 245,\n            \"zipcode\": \"80796-1234\"\n        },\n        \"id\": 5,\n        \"email\": \"derek@gmail.com\",\n        \"username\": \"derek\",\n        \"password\": \"jklg*_56\",\n        \"name\": {\n            \"firstname\": \"derek\",\n            \"lastname\": \"powell\"\n        },\n        \"phone\": \"1-956-001-1945\",\n        \"__v\": 0\n    },\n    {\n        \"address\": {\n            \"geolocation\": {\n                \"lat\": \"50.3467\",\n                \"long\": \"-20.1310\"\n            },\n            \"city\": \"San Antonio\",\n            \"street\": \"Hunters Creek Dr\",\n            \"number\": 6454,\n            \"zipcode\": \"98234-1734\"\n        },\n        \"id\": 4,\n        \"email\": \"don@gmail.com\",\n        \"username\": \"donero\",\n        \"password\": \"ewedon\",\n        \"name\": {\n            \"firstname\": \"don\",\n            \"lastname\": \"romer\"\n        },\n        \"phone\": \"1-765-789-6734\",\n        \"__v\": 0\n    },\n    {\n        \"address\": {\n            \"geolocation\": {\n                \"lat\": \"40.3467\",\n                \"long\": \"-30.1310\"\n            },\n            \"city\": \"Cullman\",\n            \"street\": \"Frances Ct\",\n            \"number\": 86,\n            \"zipcode\": \"29567-1452\"\n        },\n        \"id\": 3,\n        \"email\": \"kevin@gmail.com\",\n        \"username\": \"kevinryan\",\n        \"password\": \"kev02937@\",\n        \"name\": {\n            \"firstname\": \"kevin\",\n            \"lastname\": \"ryan\"\n        },\n        \"phone\": \"1-567-094-1345\",\n        \"__v\": 0\n    },\n    {\n        \"address\": {\n            \"geolocation\": {\n                \"lat\": \"-37.3159\",\n                \"long\": \"81.1496\"\n            },\n            \"city\": \"kilcoole\",\n            \"street\": \"Lovers Ln\",\n            \"number\": 7267,\n            \"zipcode\": \"12926-3874\"\n        },\n        \"id\": 2,\n        \"email\": \"morrison@gmail.com\",\n        \"username\": \"mor_2314\",\n        \"password\": \"83r5^_\",\n        \"name\": {\n            \"firstname\": \"david\",\n            \"lastname\": \"morrison\"\n        },\n        \"phone\": \"1-570-236-7033\",\n        \"__v\": 0\n    },\n    {\n        \"address\": {\n            \"geolocation\": {\n                \"lat\": \"-37.3159\",\n                \"long\": \"81.1496\"\n            },\n            \"city\": \"kilcoole\",\n            \"street\": \"new road\",\n            \"number\": 7682,\n            \"zipcode\": \"12926-3874\"\n        },\n        \"id\": 1,\n        \"email\": \"john@gmail.com\",\n        \"username\": \"johnd\",\n        \"password\": \"m38rmF$\",\n        \"name\": {\n            \"firstname\": \"john\",\n            \"lastname\": \"doe\"\n        },\n        \"phone\": \"1-570-236-7033\",\n        \"__v\": 0\n    }\n]","statusCode":200},"precondition":false,"level":2}]}]},{"number":4,"description":"Then User verify response is match with json schema \"sortusers.json\"","duration":117,"startTime":"2023-04-15T19:46:14.730683400+07:00[Asia/Jakarta]","result":"SUCCESS","precondition":false,"level":0}],"userStory":{"id":"user-service-fake-store-api","storyName":"User Service Fake Store API","displayName":"User Service Fake Store API","path":"user.feature","type":"feature","qualifiedTag":{"name":"User Service Fake Store API","type":"feature","displayName":"User Service Fake Store API"}},"featureTag":{"name":"User Service Fake Store API","type":"feature","displayName":"User Service Fake Store API"},"title":"User get sort","description":"","tags":[{"name":"Windows","type":"context","displayName":"Windows"},{"name":"UserFakeStore","type":"tag","displayName":"UserFakeStore"},{"name":"GetSortUsers","type":"tag","displayName":"GetSortUsers"},{"name":"FakeStoreAPI","type":"tag","displayName":"FakeStoreAPI"},{"name":"User Service Fake Store API","type":"feature","displayName":"User Service Fake Store API"}],"allTags":[{"name":"Windows","type":"context","displayName":"Windows"},{"name":"UserFakeStore","type":"tag","displayName":"UserFakeStore"},{"name":"GetSortUsers","type":"tag","displayName":"GetSortUsers"},{"name":"FakeStoreAPI","type":"tag","displayName":"FakeStoreAPI"},{"name":"User Service Fake Store API","type":"feature","displayName":"User Service Fake Store API"}],"startTime":"2023-04-15T19:46:13.533678400+07:00[Asia/Jakarta]","duration":1315,"projectKey":"","isManualTestingUpToDate":false,"context":"windows","manual":false,"testSource":"Cucumber","actors":[{"name":"User","can":["browse the web","call an API at https://fakestoreapi.com"]}],"result":"SUCCESS"}