{"name":"User add new users","id":"user-service-fake-store-api;user-add-new-users","testSteps":[{"number":1,"description":"Given User call an api \"/users\" with method \"POST\" with payload below\r\n| email | username | password | first name | last name | city | street | number | zipcode | latitude | longitude | phone |\r\n| John@gmail.com | johnd | m38rmF$ | John | Doe | kilcoole | 7835 new road | 3 | 12926-3874 | -37.3159 | 81.1496 | 1-570-236-7033 |","duration":1388,"startTime":"2023-04-15T19:46:14.914681500+07:00[Asia/Jakarta]","result":"SUCCESS","precondition":false,"level":0,"children":[{"number":2,"description":"User executes a POST on the resource /users","duration":1366,"startTime":"2023-04-15T19:46:14.931682+07:00[Asia/Jakarta]","result":"SUCCESS","precondition":false,"level":1,"children":[{"number":3,"description":"POST https://fakestoreapi.com/users","duration":0,"startTime":"2023-04-15T19:46:16.298681500+07:00[Asia/Jakarta]","result":"SUCCESS","restQuery":{"method":"POST","path":"https://fakestoreapi.com/users","content":"{\n    \"zipcode\": \"12926-3874\",\n    \"number\": \"3\",\n    \"password\": \"m38rmF$\",\n    \"last name\": \"Doe\",\n    \"first name\": \"John\",\n    \"city\": \"kilcoole\",\n    \"phone\": \"1-570-236-7033\",\n    \"street\": \"7835 new road\",\n    \"latitude\": \"-37.3159\",\n    \"email\": \"John@gmail.com\",\n    \"username\": \"johnd\",\n    \"longitude\": \"81.1496\"\n}","contentType":"application/json","requestHeaders":"Accept\u003d*/*\r\n\t\t\t\tContent-Type\u003dapplication/json","requestCookies":"","responseHeaders":"Date: Sat, 15 Apr 2023 12:46:16 GMT\r\nContent-Type: application/json; charset\u003dutf-8\r\nContent-Length: 8\r\nConnection: keep-alive\r\nAccess-Control-Allow-Origin: *\r\nEtag: W/\"8-h5EdGu1QmHe4OkjsU292jNzSLfE\"\r\nX-Powered-By: Express\r\nCF-Cache-Status: DYNAMIC\r\nReport-To: {\"endpoints\":[{\"url\":\"https:\\/\\/a.nel.cloudflare.com\\/report\\/v3?s\u003drvZbORb7z3K3hRVLQojUO8kQJXR7o79SvuTvealz1Qp%2Fe2WZFDuqYFPQppYZ4P0XjS3cxtGF4uYhdTwA3F79i8uqm%2FB0ASWTpE81pkxJ99ocY0RZb1rFwO1ChFjWQIYul5I6\"}],\"group\":\"cf-nel\",\"max_age\":604800}\r\nNEL: {\"success_fraction\":0,\"report_to\":\"cf-nel\",\"max_age\":604800}\r\nServer: cloudflare\r\nCF-RAY: 7b844a53da154b92-SIN\r\nalt-svc: h3\u003d\":443\"; ma\u003d86400, h3-29\u003d\":443\"; ma\u003d86400\r","responseCookies":"\r","responseBody":"{\n    \"id\": 1\n}","statusCode":200},"precondition":false,"level":2}]}]},{"number":4,"description":"Then User verify status code is 200","duration":3,"startTime":"2023-04-15T19:46:16.304684+07:00[Asia/Jakarta]","result":"SUCCESS","precondition":false,"level":0},{"number":5,"description":"Then User verify response is match with json schema \"addnewusers.json\"","duration":15,"startTime":"2023-04-15T19:46:16.309682700+07:00[Asia/Jakarta]","result":"SUCCESS","precondition":false,"level":0}],"userStory":{"id":"user-service-fake-store-api","storyName":"User Service Fake Store API","displayName":"User Service Fake Store API","path":"user.feature","type":"feature","qualifiedTag":{"name":"User Service Fake Store API","type":"feature","displayName":"User Service Fake Store API"}},"featureTag":{"name":"User Service Fake Store API","type":"feature","displayName":"User Service Fake Store API"},"title":"User add new users","description":"","tags":[{"name":"Windows","type":"context","displayName":"Windows"},{"name":"UserFakeStore","type":"tag","displayName":"UserFakeStore"},{"name":"FakeStoreAPI","type":"tag","displayName":"FakeStoreAPI"},{"name":"User Service Fake Store API","type":"feature","displayName":"User Service Fake Store API"},{"name":"PostAddUsers","type":"tag","displayName":"PostAddUsers"}],"allTags":[{"name":"Windows","type":"context","displayName":"Windows"},{"name":"UserFakeStore","type":"tag","displayName":"UserFakeStore"},{"name":"FakeStoreAPI","type":"tag","displayName":"FakeStoreAPI"},{"name":"User Service Fake Store API","type":"feature","displayName":"User Service Fake Store API"},{"name":"PostAddUsers","type":"tag","displayName":"PostAddUsers"}],"startTime":"2023-04-15T19:46:14.885680700+07:00[Asia/Jakarta]","duration":1440,"projectKey":"","isManualTestingUpToDate":false,"context":"windows","manual":false,"testSource":"Cucumber","actors":[{"name":"User","can":["browse the web","call an API at https://fakestoreapi.com"]}],"result":"SUCCESS"}