{"name":"User delete carts","id":"cart-service-fake-store-api;user-delete-carts","testSteps":[{"number":1,"description":"Given User call an api \"/carts/6\" with method \"DELETE\"","duration":1603,"startTime":"2023-04-15T19:45:51.719883400+07:00[Asia/Jakarta]","result":"SUCCESS","precondition":false,"level":0,"children":[{"number":2,"description":"User executes a DELETE on the resource /carts/6","duration":1551,"startTime":"2023-04-15T19:45:51.761885700+07:00[Asia/Jakarta]","result":"SUCCESS","precondition":false,"level":1,"children":[{"number":3,"description":"DELETE https://fakestoreapi.com/carts/6","duration":0,"startTime":"2023-04-15T19:45:53.313823500+07:00[Asia/Jakarta]","result":"SUCCESS","restQuery":{"method":"DELETE","path":"https://fakestoreapi.com/carts/6","content":"","contentType":"application/json","requestHeaders":"Accept\u003d*/*\r\n\t\t\t\tContent-Type\u003dapplication/json","requestCookies":"","responseHeaders":"Date: Sat, 15 Apr 2023 12:45:53 GMT\r\nContent-Type: application/json; charset\u003dutf-8\r\nTransfer-Encoding: chunked\r\nConnection: keep-alive\r\nAccess-Control-Allow-Origin: *\r\nEtag: W/\"86-J5ViySQfEeArCeSFoCYm7Fu5dlY\"\r\nX-Powered-By: Express\r\nCF-Cache-Status: DYNAMIC\r\nReport-To: {\"endpoints\":[{\"url\":\"https:\\/\\/a.nel.cloudflare.com\\/report\\/v3?s\u003dmmm7OGK0CH2pK00JpBHuBMufeJCf9ifbt8J%2BBy4T66xSLHOC2z8tshFvrZGPtqkQ0tUDvDMRUEyFa7yGtB784wnfszkJYRE5qr71lCEkfxxR46N0BTX2xeEbHZ1Po0E6Vkpr\"}],\"group\":\"cf-nel\",\"max_age\":604800}\r\nNEL: {\"success_fraction\":0,\"report_to\":\"cf-nel\",\"max_age\":604800}\r\nServer: cloudflare\r\nCF-RAY: 7b8449c15c4e8953-SIN\r\nContent-Encoding: gzip\r\nalt-svc: h3\u003d\":443\"; ma\u003d86400, h3-29\u003d\":443\"; ma\u003d86400\r","responseCookies":"\r","responseBody":"{\n    \"id\": 6,\n    \"userId\": 4,\n    \"date\": \"2020-03-01T00:00:00.000Z\",\n    \"products\": [\n        {\n            \"productId\": 10,\n            \"quantity\": 2\n        },\n        {\n            \"productId\": 12,\n            \"quantity\": 3\n        }\n    ],\n    \"__v\": 0\n}","statusCode":200},"precondition":false,"level":2}]}]},{"number":4,"description":"Then User verify response is match with json schema \"deletecarts.json\"","duration":29,"startTime":"2023-04-15T19:45:53.327797600+07:00[Asia/Jakarta]","result":"SUCCESS","precondition":false,"level":0}],"userStory":{"id":"cart-service-fake-store-api","storyName":"Cart Service Fake Store API","displayName":"Cart Service Fake Store API","path":"cart.feature","type":"feature","qualifiedTag":{"name":"Cart Service Fake Store API","type":"feature","displayName":"Cart Service Fake Store API"}},"featureTag":{"name":"Cart Service Fake Store API","type":"feature","displayName":"Cart Service Fake Store API"},"title":"User delete carts","description":"","tags":[{"name":"DeleteCarts","type":"tag","displayName":"DeleteCarts"},{"name":"Windows","type":"context","displayName":"Windows"},{"name":"Cart Service Fake Store API","type":"feature","displayName":"Cart Service Fake Store API"},{"name":"FakeStoreAPI","type":"tag","displayName":"FakeStoreAPI"},{"name":"CartFakeStore","type":"tag","displayName":"CartFakeStore"}],"allTags":[{"name":"DeleteCarts","type":"tag","displayName":"DeleteCarts"},{"name":"Windows","type":"context","displayName":"Windows"},{"name":"Cart Service Fake Store API","type":"feature","displayName":"Cart Service Fake Store API"},{"name":"FakeStoreAPI","type":"tag","displayName":"FakeStoreAPI"},{"name":"CartFakeStore","type":"tag","displayName":"CartFakeStore"}],"startTime":"2023-04-15T19:45:51.705887100+07:00[Asia/Jakarta]","duration":1653,"projectKey":"","isManualTestingUpToDate":false,"context":"windows","manual":false,"testSource":"Cucumber","actors":[{"name":"User","can":["browse the web","call an API at https://fakestoreapi.com"]}],"result":"SUCCESS"}