{"name":"User get limit result carts","id":"cart-service-fake-store-api;user-get-limit-result-carts","testSteps":[{"number":1,"description":"Given User call an api \"/carts?limit\u003d5\" with method \"GET\"","duration":1926,"startTime":"2023-04-15T19:45:48.194789900+07:00[Asia/Jakarta]","result":"SUCCESS","precondition":false,"level":0,"children":[{"number":2,"description":"User executes a GET on the resource /carts?limit\u003d5","duration":1884,"startTime":"2023-04-15T19:45:48.231790800+07:00[Asia/Jakarta]","result":"SUCCESS","precondition":false,"level":1,"children":[{"number":3,"description":"GET https://fakestoreapi.com/carts?limit\u003d5","duration":0,"startTime":"2023-04-15T19:45:50.116524300+07:00[Asia/Jakarta]","result":"SUCCESS","restQuery":{"method":"GET","path":"https://fakestoreapi.com/carts?limit\u003d5","content":"","contentType":"application/json","requestHeaders":"Accept\u003d*/*\r\n\t\t\t\tContent-Type\u003dapplication/json","requestCookies":"","responseHeaders":"Date: Sat, 15 Apr 2023 12:45:49 GMT\r\nContent-Type: application/json; charset\u003dutf-8\r\nTransfer-Encoding: chunked\r\nConnection: keep-alive\r\nAccess-Control-Allow-Origin: *\r\nEtag: W/\"2b8-bxJn825MWHOywV0kxdnZiZBgns8\"\r\nX-Powered-By: Express\r\nCF-Cache-Status: DYNAMIC\r\nReport-To: {\"endpoints\":[{\"url\":\"https:\\/\\/a.nel.cloudflare.com\\/report\\/v3?s\u003durvyBMj%2F0NMivJaiqAuwtt7ySExh6KvU%2FU89L%2FcayRKanzOPnQa%2Bl8dNYejQvsETIxeMkdZ%2FcD5PuQKoUE22B6tMm8C1MWcCP9%2FB90OZjFPKUO1KLTjf8iwEoZ7qa6Wc3MKF\"}],\"group\":\"cf-nel\",\"max_age\":604800}\r\nNEL: {\"success_fraction\":0,\"report_to\":\"cf-nel\",\"max_age\":604800}\r\nServer: cloudflare\r\nCF-RAY: 7b8449ae58739e38-SIN\r\nContent-Encoding: gzip\r\nalt-svc: h3\u003d\":443\"; ma\u003d86400, h3-29\u003d\":443\"; ma\u003d86400\r","responseCookies":"\r","responseBody":"[\n    {\n        \"id\": 1,\n        \"userId\": 1,\n        \"date\": \"2020-03-02T00:00:00.000Z\",\n        \"products\": [\n            {\n                \"productId\": 1,\n                \"quantity\": 4\n            },\n            {\n                \"productId\": 2,\n                \"quantity\": 1\n            },\n            {\n                \"productId\": 3,\n                \"quantity\": 6\n            }\n        ],\n        \"__v\": 0\n    },\n    {\n        \"id\": 2,\n        \"userId\": 1,\n        \"date\": \"2020-01-02T00:00:00.000Z\",\n        \"products\": [\n            {\n                \"productId\": 2,\n                \"quantity\": 4\n            },\n            {\n                \"productId\": 1,\n                \"quantity\": 10\n            },\n            {\n                \"productId\": 5,\n                \"quantity\": 2\n            }\n        ],\n        \"__v\": 0\n    },\n    {\n        \"id\": 3,\n        \"userId\": 2,\n        \"date\": \"2020-03-01T00:00:00.000Z\",\n        \"products\": [\n            {\n                \"productId\": 1,\n                \"quantity\": 2\n            },\n            {\n                \"productId\": 9,\n                \"quantity\": 1\n            }\n        ],\n        \"__v\": 0\n    },\n    {\n        \"id\": 4,\n        \"userId\": 3,\n        \"date\": \"2020-01-01T00:00:00.000Z\",\n        \"products\": [\n            {\n                \"productId\": 1,\n                \"quantity\": 4\n            }\n        ],\n        \"__v\": 0\n    },\n    {\n        \"id\": 5,\n        \"userId\": 3,\n        \"date\": \"2020-03-01T00:00:00.000Z\",\n        \"products\": [\n            {\n                \"productId\": 7,\n                \"quantity\": 1\n            },\n            {\n                \"productId\": 8,\n                \"quantity\": 1\n            }\n        ],\n        \"__v\": 0\n    }\n]","statusCode":200},"precondition":false,"level":2}]}]},{"number":4,"description":"Then User verify response is match with json schema \"limitcarts.json\"","duration":29,"startTime":"2023-04-15T19:45:50.124517700+07:00[Asia/Jakarta]","result":"SUCCESS","precondition":false,"level":0}],"userStory":{"id":"cart-service-fake-store-api","storyName":"Cart Service Fake Store API","displayName":"Cart Service Fake Store API","path":"cart.feature","type":"feature","qualifiedTag":{"name":"Cart Service Fake Store API","type":"feature","displayName":"Cart Service Fake Store API"}},"featureTag":{"name":"Cart Service Fake Store API","type":"feature","displayName":"Cart Service Fake Store API"},"title":"User get limit result carts","description":"","tags":[{"name":"GetLimitResultCarts","type":"tag","displayName":"GetLimitResultCarts"},{"name":"Windows","type":"context","displayName":"Windows"},{"name":"Cart Service Fake Store API","type":"feature","displayName":"Cart Service Fake Store API"},{"name":"FakeStoreAPI","type":"tag","displayName":"FakeStoreAPI"},{"name":"CartFakeStore","type":"tag","displayName":"CartFakeStore"}],"allTags":[{"name":"GetLimitResultCarts","type":"tag","displayName":"GetLimitResultCarts"},{"name":"Windows","type":"context","displayName":"Windows"},{"name":"Cart Service Fake Store API","type":"feature","displayName":"Cart Service Fake Store API"},{"name":"FakeStoreAPI","type":"tag","displayName":"FakeStoreAPI"},{"name":"CartFakeStore","type":"tag","displayName":"CartFakeStore"}],"startTime":"2023-04-15T19:45:48.170789100+07:00[Asia/Jakarta]","duration":1983,"projectKey":"","isManualTestingUpToDate":false,"context":"windows","manual":false,"testSource":"Cucumber","actors":[{"name":"User","can":["browse the web","call an API at https://fakestoreapi.com"]}],"result":"SUCCESS"}