{"name":"User edit product with given id","id":"products-service-fake-store-api;user-edit-product-with-given-id","testSteps":[{"number":1,"description":"Given User call an api \"/products/7\" with method \"PUT\" with payload below\r\n| title | price | description | image | category |\r\n| Kasur | 2000000 | bed | https://i.pravatar.cc | household |","duration":1067,"startTime":"2023-04-15T19:46:03.015642800+07:00[Asia/Jakarta]","result":"SUCCESS","precondition":false,"level":0,"children":[{"number":2,"description":"User executes a PUT on the resource /products/7","duration":1053,"startTime":"2023-04-15T19:46:03.027634600+07:00[Asia/Jakarta]","result":"SUCCESS","precondition":false,"level":1,"children":[{"number":3,"description":"PUT https://fakestoreapi.com/products/7","duration":0,"startTime":"2023-04-15T19:46:04.080636500+07:00[Asia/Jakarta]","result":"SUCCESS","restQuery":{"method":"PUT","path":"https://fakestoreapi.com/products/7","content":"{\n    \"image\": \"https://i.pravatar.cc\",\n    \"price\": \"2000000\",\n    \"description\": \"bed\",\n    \"title\": \"Kasur\",\n    \"category\": \"household\"\n}","contentType":"application/json","requestHeaders":"Accept\u003d*/*\r\n\t\t\t\tContent-Type\u003dapplication/json","requestCookies":"","responseHeaders":"Date: Sat, 15 Apr 2023 12:46:03 GMT\r\nContent-Type: application/json; charset\u003dutf-8\r\nTransfer-Encoding: chunked\r\nConnection: keep-alive\r\nAccess-Control-Allow-Origin: *\r\nEtag: W/\"75-7lvdxpt/SNxHdr8XLlEOv2pDeus\"\r\nX-Powered-By: Express\r\nCF-Cache-Status: DYNAMIC\r\nReport-To: {\"endpoints\":[{\"url\":\"https:\\/\\/a.nel.cloudflare.com\\/report\\/v3?s\u003ddBpiAaeop5pOftIUhwESl6a%2FrLiOUjRazLhLdZtT0QpzJSRomDnIN%2FKfGJtVAD3QQH5MJuQPZR4bVqhhjY9KNgJdAcNMXoFNUjK3R8FEMl8pscT2WBhQYt6iwvHUvzKiuts3\"}],\"group\":\"cf-nel\",\"max_age\":604800}\r\nNEL: {\"success_fraction\":0,\"report_to\":\"cf-nel\",\"max_age\":604800}\r\nServer: cloudflare\r\nCF-RAY: 7b844a0878aa4dce-SIN\r\nContent-Encoding: gzip\r\nalt-svc: h3\u003d\":443\"; ma\u003d86400, h3-29\u003d\":443\"; ma\u003d86400\r","responseCookies":"\r","responseBody":"{\n    \"id\": 7,\n    \"title\": \"Kasur\",\n    \"price\": \"2000000\",\n    \"description\": \"bed\",\n    \"image\": \"https://i.pravatar.cc\",\n    \"category\": \"household\"\n}","statusCode":200},"precondition":false,"level":2}]}]},{"number":4,"description":"Then User verify status code is 200","duration":7,"startTime":"2023-04-15T19:46:04.085638500+07:00[Asia/Jakarta]","result":"SUCCESS","precondition":false,"level":0},{"number":5,"description":"Then User verify response is match with json schema \"newproduct.json\"","duration":14,"startTime":"2023-04-15T19:46:04.093645+07:00[Asia/Jakarta]","result":"SUCCESS","precondition":false,"level":0}],"userStory":{"id":"products-service-fake-store-api","storyName":"Products service Fake Store API","displayName":"Products service Fake Store API","path":"produk.feature","type":"feature","qualifiedTag":{"name":"Products service Fake Store API","type":"feature","displayName":"Products service Fake Store API"}},"featureTag":{"name":"Products service Fake Store API","type":"feature","displayName":"Products service Fake Store API"},"title":"User edit product with given id","description":"","tags":[{"name":"Windows","type":"context","displayName":"Windows"},{"name":"ProductsFakeStore","type":"tag","displayName":"ProductsFakeStore"},{"name":"FakeStoreAPI","type":"tag","displayName":"FakeStoreAPI"},{"name":"Products service Fake Store API","type":"feature","displayName":"Products service Fake Store API"},{"name":"EditProduct","type":"tag","displayName":"EditProduct"}],"allTags":[{"name":"Windows","type":"context","displayName":"Windows"},{"name":"ProductsFakeStore","type":"tag","displayName":"ProductsFakeStore"},{"name":"FakeStoreAPI","type":"tag","displayName":"FakeStoreAPI"},{"name":"Products service Fake Store API","type":"feature","displayName":"Products service Fake Store API"},{"name":"EditProduct","type":"tag","displayName":"EditProduct"}],"startTime":"2023-04-15T19:46:02.996634600+07:00[Asia/Jakarta]","duration":1113,"projectKey":"","isManualTestingUpToDate":false,"context":"windows","manual":false,"testSource":"Cucumber","actors":[{"name":"User","can":["browse the web","call an API at https://fakestoreapi.com"]}],"result":"SUCCESS"}