{"name":"User add new product","id":"products-service-fake-store-api;user-add-new-product","testSteps":[{"number":1,"description":"Given User call an api \"/products\" with method \"POST\" with payload below\r\n| title | price | description | image | category |\r\n| Jam tangan casio | 200000 | jam tangan | https://i.pravatar.cc | fashion |","duration":873,"startTime":"2023-04-15T19:46:02.087636400+07:00[Asia/Jakarta]","result":"SUCCESS","precondition":false,"level":0,"children":[{"number":2,"description":"User executes a POST on the resource /products","duration":846,"startTime":"2023-04-15T19:46:02.110635700+07:00[Asia/Jakarta]","result":"SUCCESS","precondition":false,"level":1,"children":[{"number":3,"description":"POST https://fakestoreapi.com/products","duration":0,"startTime":"2023-04-15T19:46:02.956640500+07:00[Asia/Jakarta]","result":"SUCCESS","restQuery":{"method":"POST","path":"https://fakestoreapi.com/products","content":"{\n    \"image\": \"https://i.pravatar.cc\",\n    \"price\": \"200000\",\n    \"description\": \"jam tangan\",\n    \"title\": \"Jam tangan casio\",\n    \"category\": \"fashion\"\n}","contentType":"application/json","requestHeaders":"Accept\u003d*/*\r\n\t\t\t\tContent-Type\u003dapplication/json","requestCookies":"","responseHeaders":"Date: Sat, 15 Apr 2023 12:46:02 GMT\r\nContent-Type: application/json; charset\u003dutf-8\r\nTransfer-Encoding: chunked\r\nConnection: keep-alive\r\nAccess-Control-Allow-Origin: *\r\nEtag: W/\"85-CICREslsKVgOT3fwi/9UjdoFfis\"\r\nX-Powered-By: Express\r\nCF-Cache-Status: DYNAMIC\r\nReport-To: {\"endpoints\":[{\"url\":\"https:\\/\\/a.nel.cloudflare.com\\/report\\/v3?s\u003dGNuDGFvBZPk2Y1oC6prT%2BlvFA%2FvBmPTd0wdx7kqyNjTa9VjaE5%2FVozpGGsWhrTEvrWlqfs1UZPGhAUKUcMC2Tmh1e0I%2FXM7Bwfthe3HYPBgS%2FEXJ8bN5dAHlgJhg5zZiRfoO\"}],\"group\":\"cf-nel\",\"max_age\":604800}\r\nNEL: {\"success_fraction\":0,\"report_to\":\"cf-nel\",\"max_age\":604800}\r\nServer: cloudflare\r\nCF-RAY: 7b844a015e8340ac-SIN\r\nContent-Encoding: gzip\r\nalt-svc: h3\u003d\":443\"; ma\u003d86400, h3-29\u003d\":443\"; ma\u003d86400\r","responseCookies":"\r","responseBody":"{\n    \"id\": 21,\n    \"title\": \"Jam tangan casio\",\n    \"price\": \"200000\",\n    \"description\": \"jam tangan\",\n    \"image\": \"https://i.pravatar.cc\",\n    \"category\": \"fashion\"\n}","statusCode":200},"precondition":false,"level":2}]}]},{"number":4,"description":"Then User verify status code is 200","duration":4,"startTime":"2023-04-15T19:46:02.961638800+07:00[Asia/Jakarta]","result":"SUCCESS","precondition":false,"level":0},{"number":5,"description":"Then User verify response is match with json schema \"newproduct.json\"","duration":11,"startTime":"2023-04-15T19:46:02.967642100+07:00[Asia/Jakarta]","result":"SUCCESS","precondition":false,"level":0}],"userStory":{"id":"products-service-fake-store-api","storyName":"Products service Fake Store API","displayName":"Products service Fake Store API","path":"produk.feature","type":"feature","qualifiedTag":{"name":"Products service Fake Store API","type":"feature","displayName":"Products service Fake Store API"}},"featureTag":{"name":"Products service Fake Store API","type":"feature","displayName":"Products service Fake Store API"},"title":"User add new product","description":"","tags":[{"name":"AddNewProduct","type":"tag","displayName":"AddNewProduct"},{"name":"Windows","type":"context","displayName":"Windows"},{"name":"ProductsFakeStore","type":"tag","displayName":"ProductsFakeStore"},{"name":"FakeStoreAPI","type":"tag","displayName":"FakeStoreAPI"},{"name":"Products service Fake Store API","type":"feature","displayName":"Products service Fake Store API"}],"allTags":[{"name":"AddNewProduct","type":"tag","displayName":"AddNewProduct"},{"name":"Windows","type":"context","displayName":"Windows"},{"name":"ProductsFakeStore","type":"tag","displayName":"ProductsFakeStore"},{"name":"FakeStoreAPI","type":"tag","displayName":"FakeStoreAPI"},{"name":"Products service Fake Store API","type":"feature","displayName":"Products service Fake Store API"}],"startTime":"2023-04-15T19:46:02.071640900+07:00[Asia/Jakarta]","duration":908,"projectKey":"","isManualTestingUpToDate":false,"context":"windows","manual":false,"testSource":"Cucumber","actors":[{"name":"User","can":["browse the web","call an API at https://fakestoreapi.com"]}],"result":"SUCCESS"}