{"name":"User delete product","id":"products-service-fake-store-api;user-delete-product","testSteps":[{"number":1,"description":"Given User call an api \"/products/10\" with method \"DELETE\"","duration":1333,"startTime":"2023-04-15T19:46:04.137642700+07:00[Asia/Jakarta]","result":"SUCCESS","precondition":false,"level":0,"children":[{"number":2,"description":"User executes a DELETE on the resource /products/10","duration":1298,"startTime":"2023-04-15T19:46:04.168636300+07:00[Asia/Jakarta]","result":"SUCCESS","precondition":false,"level":1,"children":[{"number":3,"description":"DELETE https://fakestoreapi.com/products/10","duration":0,"startTime":"2023-04-15T19:46:05.466634300+07:00[Asia/Jakarta]","result":"SUCCESS","restQuery":{"method":"DELETE","path":"https://fakestoreapi.com/products/10","content":"","contentType":"application/json","requestHeaders":"Accept\u003d*/*\r\n\t\t\t\tContent-Type\u003dapplication/json","requestCookies":"","responseHeaders":"Date: Sat, 15 Apr 2023 12:46:05 GMT\r\nContent-Type: application/json; charset\u003dutf-8\r\nTransfer-Encoding: chunked\r\nConnection: keep-alive\r\nAccess-Control-Allow-Origin: *\r\nEtag: W/\"2d2-QzYw+X+hXsi2K/VFAJ3/XdI9Dbc\"\r\nX-Powered-By: Express\r\nCF-Cache-Status: DYNAMIC\r\nReport-To: {\"endpoints\":[{\"url\":\"https:\\/\\/a.nel.cloudflare.com\\/report\\/v3?s\u003dkLWwruo41F3Qd2xY2BNc%2Fe6R26alcEipqpAIvViwAzZ15eZH8MAp%2BxAoyfFWASCe%2FJUFXL0PDzr2S4XhNGBRmDwxEGLpIbJlMf7r5ASYr3mCic7mcQYbj%2FYMHmql7NYafOf3\"}],\"group\":\"cf-nel\",\"max_age\":604800}\r\nNEL: {\"success_fraction\":0,\"report_to\":\"cf-nel\",\"max_age\":604800}\r\nServer: cloudflare\r\nCF-RAY: 7b844a102edc8958-SIN\r\nContent-Encoding: gzip\r\nalt-svc: h3\u003d\":443\"; ma\u003d86400, h3-29\u003d\":443\"; ma\u003d86400\r","responseCookies":"\r","responseBody":"{\n    \"id\": 10,\n    \"title\": \"SanDisk SSD PLUS 1TB Internal SSD - SATA III 6 Gb/s\",\n    \"price\": 109,\n    \"description\": \"Easy upgrade for faster boot up, shutdown, application load and response (As compared to 5400 RPM SATA 2.5” hard drive; Based on published specifications and internal benchmarking tests using PCMark vantage scores) Boosts burst write performance, making it ideal for typical PC workloads The perfect balance of performance and reliability Read/write speeds of up to 535MB/s/450MB/s (Based on internal testing; Performance may vary depending upon drive capacity, host device, OS and application.)\",\n    \"category\": \"electronics\",\n    \"image\": \"https://fakestoreapi.com/img/61U7T1koQqL._AC_SX679_.jpg\",\n    \"rating\": {\n        \"rate\": 2.9,\n        \"count\": 470\n    }\n}","statusCode":200},"precondition":false,"level":2}]}]},{"number":4,"description":"Then User verify status code is 200","duration":5,"startTime":"2023-04-15T19:46:05.473639400+07:00[Asia/Jakarta]","result":"SUCCESS","precondition":false,"level":0},{"number":5,"description":"Then User verify response is match with json schema \"deleteproduct.json\"","duration":18,"startTime":"2023-04-15T19:46:05.480637500+07:00[Asia/Jakarta]","result":"SUCCESS","precondition":false,"level":0}],"userStory":{"id":"products-service-fake-store-api","storyName":"Products service Fake Store API","displayName":"Products service Fake Store API","path":"produk.feature","type":"feature","qualifiedTag":{"name":"Products service Fake Store API","type":"feature","displayName":"Products service Fake Store API"}},"featureTag":{"name":"Products service Fake Store API","type":"feature","displayName":"Products service Fake Store API"},"title":"User delete product","description":"","tags":[{"name":"DeleteProduct","type":"tag","displayName":"DeleteProduct"},{"name":"Windows","type":"context","displayName":"Windows"},{"name":"ProductsFakeStore","type":"tag","displayName":"ProductsFakeStore"},{"name":"FakeStoreAPI","type":"tag","displayName":"FakeStoreAPI"},{"name":"Products service Fake Store API","type":"feature","displayName":"Products service Fake Store API"}],"allTags":[{"name":"DeleteProduct","type":"tag","displayName":"DeleteProduct"},{"name":"Windows","type":"context","displayName":"Windows"},{"name":"ProductsFakeStore","type":"tag","displayName":"ProductsFakeStore"},{"name":"FakeStoreAPI","type":"tag","displayName":"FakeStoreAPI"},{"name":"Products service Fake Store API","type":"feature","displayName":"Products service Fake Store API"}],"startTime":"2023-04-15T19:46:04.125639200+07:00[Asia/Jakarta]","duration":1375,"projectKey":"","isManualTestingUpToDate":false,"context":"windows","manual":false,"testSource":"Cucumber","actors":[{"name":"User","can":["browse the web","call an API at https://fakestoreapi.com"]}],"result":"SUCCESS"}