{"name":"User update carts","id":"cart-service-fake-store-api;user-update-carts","testSteps":[{"number":1,"description":"Given User call an api \"/carts/7\" with method \"PUT\" with payload below\r\n| userId | date | productId | quantity |\r\n| 3 | 2019-12-10 | 1 | 3 |","duration":1515,"startTime":"2023-04-15T19:45:53.396782+07:00[Asia/Jakarta]","result":"SUCCESS","precondition":false,"level":0,"children":[{"number":2,"description":"User executes a PUT on the resource /carts/7","duration":1445,"startTime":"2023-04-15T19:45:53.457772900+07:00[Asia/Jakarta]","result":"SUCCESS","precondition":false,"level":1,"children":[{"number":3,"description":"PUT https://fakestoreapi.com/carts/7","duration":0,"startTime":"2023-04-15T19:45:54.902413600+07:00[Asia/Jakarta]","result":"SUCCESS","restQuery":{"method":"PUT","path":"https://fakestoreapi.com/carts/7","content":"{\n    \"date\": \"2019-12-10\",\n    \"quantity\": \"3\",\n    \"productId\": \"1\",\n    \"userId\": \"3\"\n}","contentType":"application/json","requestHeaders":"Accept\u003d*/*\r\n\t\t\t\tContent-Type\u003dapplication/json","requestCookies":"","responseHeaders":"Date: Sat, 15 Apr 2023 12:45:54 GMT\r\nContent-Type: application/json; charset\u003dutf-8\r\nContent-Length: 41\r\nConnection: keep-alive\r\nAccess-Control-Allow-Origin: *\r\nEtag: W/\"29-6ttDIunL1A8XvppfyEPLHpalRSo\"\r\nX-Powered-By: Express\r\nCF-Cache-Status: DYNAMIC\r\nReport-To: {\"endpoints\":[{\"url\":\"https:\\/\\/a.nel.cloudflare.com\\/report\\/v3?s\u003dNG%2B8bfF8rRdgirK0u1ge97odbjw9ptV%2F8ge3p8KlqRlMWG5Gf197ONbDA8C72OQRAF7TUNZdcVGoVcmW0EYHOoTgKUlMiO8Ro7hS9nXK83e%2FE4qwoejYoe%2FOYswFEwfjYn%2BX\"}],\"group\":\"cf-nel\",\"max_age\":604800}\r\nNEL: {\"success_fraction\":0,\"report_to\":\"cf-nel\",\"max_age\":604800}\r\nServer: cloudflare\r\nCF-RAY: 7b8449cf2c873e48-SIN\r\nalt-svc: h3\u003d\":443\"; ma\u003d86400, h3-29\u003d\":443\"; ma\u003d86400\r","responseCookies":"\r","responseBody":"{\n    \"id\": 7,\n    \"userId\": \"3\",\n    \"date\": \"2019-12-10\"\n}","statusCode":200},"precondition":false,"level":2}]}]},{"number":4,"description":"Then User verify response is match with json schema \"updatecarts.json\"","duration":14,"startTime":"2023-04-15T19:45:54.914413200+07:00[Asia/Jakarta]","result":"SUCCESS","precondition":false,"level":0}],"userStory":{"id":"cart-service-fake-store-api","storyName":"Cart Service Fake Store API","displayName":"Cart Service Fake Store API","path":"cart.feature","type":"feature","qualifiedTag":{"name":"Cart Service Fake Store API","type":"feature","displayName":"Cart Service Fake Store API"}},"featureTag":{"name":"Cart Service Fake Store API","type":"feature","displayName":"Cart Service Fake Store API"},"title":"User update carts","description":"","tags":[{"name":"Windows","type":"context","displayName":"Windows"},{"name":"UpdateCarts","type":"tag","displayName":"UpdateCarts"},{"name":"Cart Service Fake Store API","type":"feature","displayName":"Cart Service Fake Store API"},{"name":"FakeStoreAPI","type":"tag","displayName":"FakeStoreAPI"},{"name":"CartFakeStore","type":"tag","displayName":"CartFakeStore"}],"allTags":[{"name":"Windows","type":"context","displayName":"Windows"},{"name":"UpdateCarts","type":"tag","displayName":"UpdateCarts"},{"name":"Cart Service Fake Store API","type":"feature","displayName":"Cart Service Fake Store API"},{"name":"FakeStoreAPI","type":"tag","displayName":"FakeStoreAPI"},{"name":"CartFakeStore","type":"tag","displayName":"CartFakeStore"}],"startTime":"2023-04-15T19:45:53.382784100+07:00[Asia/Jakarta]","duration":1548,"projectKey":"","isManualTestingUpToDate":false,"context":"windows","manual":false,"testSource":"Cucumber","actors":[{"name":"User","can":["browse the web","call an API at https://fakestoreapi.com"]}],"result":"SUCCESS"}