{"name":"User update user with given id","id":"user-service-fake-store-api;user-update-user-with-given-id","testSteps":[{"number":1,"description":"Given User call an api \"/users/7\" with method \"PUT\" with payload below\r\n| email | username | password | first name | last name | city | street | number | zipcode | latitude | longitude | phone |\r\n| John@gmail.com | johnd | m38rmF$ | John | Doe | kilcoole | 7835 new road | 3 | 12926-3874 | -37.3159 | 81.1496 | 1-570-236-7033 |","duration":983,"startTime":"2023-04-15T19:46:16.357685200+07:00[Asia/Jakarta]","result":"SUCCESS","precondition":false,"level":0,"children":[{"number":2,"description":"User executes a PUT on the resource /users/7","duration":961,"startTime":"2023-04-15T19:46:16.376681300+07:00[Asia/Jakarta]","result":"SUCCESS","precondition":false,"level":1,"children":[{"number":3,"description":"PUT https://fakestoreapi.com/users/7","duration":0,"startTime":"2023-04-15T19:46:17.337683+07:00[Asia/Jakarta]","result":"SUCCESS","restQuery":{"method":"PUT","path":"https://fakestoreapi.com/users/7","content":"{\n    \"zipcode\": \"12926-3874\",\n    \"number\": \"3\",\n    \"password\": \"m38rmF$\",\n    \"last name\": \"Doe\",\n    \"first name\": \"John\",\n    \"city\": \"kilcoole\",\n    \"phone\": \"1-570-236-7033\",\n    \"street\": \"7835 new road\",\n    \"latitude\": \"-37.3159\",\n    \"email\": \"John@gmail.com\",\n    \"username\": \"johnd\",\n    \"longitude\": \"81.1496\"\n}","contentType":"application/json","requestHeaders":"Accept\u003d*/*\r\n\t\t\t\tContent-Type\u003dapplication/json","requestCookies":"","responseHeaders":"Date: Sat, 15 Apr 2023 12:46:17 GMT\r\nContent-Type: application/json; charset\u003dutf-8\r\nTransfer-Encoding: chunked\r\nConnection: keep-alive\r\nAccess-Control-Allow-Origin: *\r\nEtag: W/\"fc-TKaHwdXG3tbClaozzapfLspqER0\"\r\nX-Powered-By: Express\r\nCF-Cache-Status: DYNAMIC\r\nReport-To: {\"endpoints\":[{\"url\":\"https:\\/\\/a.nel.cloudflare.com\\/report\\/v3?s\u003dFEnVi3qp3%2FB%2BQNLPVFBYh%2F%2B%2FFRjdUaouZv4El2Za%2F6a%2FbkoDuT5VwWqqz7dxmW0KHTwdWZ1mju08WlRYDr3c0yryWiEzeoEOyaGhi%2Fplna%2BWh7RbeoQ2Vum5VBE%2FpnnlNcgL\"}],\"group\":\"cf-nel\",\"max_age\":604800}\r\nNEL: {\"success_fraction\":0,\"report_to\":\"cf-nel\",\"max_age\":604800}\r\nServer: cloudflare\r\nCF-RAY: 7b844a5b290d3e0e-SIN\r\nContent-Encoding: gzip\r\nalt-svc: h3\u003d\":443\"; ma\u003d86400, h3-29\u003d\":443\"; ma\u003d86400\r","responseCookies":"\r","responseBody":"{\n    \"zipcode\": \"12926-3874\",\n    \"number\": \"3\",\n    \"password\": \"m38rmF$\",\n    \"last name\": \"Doe\",\n    \"first name\": \"John\",\n    \"city\": \"kilcoole\",\n    \"phone\": \"1-570-236-7033\",\n    \"street\": \"7835 new road\",\n    \"latitude\": \"-37.3159\",\n    \"email\": \"John@gmail.com\",\n    \"username\": \"johnd\",\n    \"longitude\": \"81.1496\"\n}","statusCode":200},"precondition":false,"level":2}]}]},{"number":4,"description":"Then User verify status code is 200","duration":3,"startTime":"2023-04-15T19:46:17.343685500+07:00[Asia/Jakarta]","result":"SUCCESS","precondition":false,"level":0},{"number":5,"description":"Then User verify response is match with json schema \"addnewusers.json\"","duration":12,"startTime":"2023-04-15T19:46:17.349682+07:00[Asia/Jakarta]","result":"SUCCESS","precondition":false,"level":0}],"userStory":{"id":"user-service-fake-store-api","storyName":"User Service Fake Store API","displayName":"User Service Fake Store API","path":"user.feature","type":"feature","qualifiedTag":{"name":"User Service Fake Store API","type":"feature","displayName":"User Service Fake Store API"}},"featureTag":{"name":"User Service Fake Store API","type":"feature","displayName":"User Service Fake Store API"},"title":"User update user with given id","description":"","tags":[{"name":"Windows","type":"context","displayName":"Windows"},{"name":"UserFakeStore","type":"tag","displayName":"UserFakeStore"},{"name":"PutUpdateUsers","type":"tag","displayName":"PutUpdateUsers"},{"name":"FakeStoreAPI","type":"tag","displayName":"FakeStoreAPI"},{"name":"User Service Fake Store API","type":"feature","displayName":"User Service Fake Store API"}],"allTags":[{"name":"Windows","type":"context","displayName":"Windows"},{"name":"UserFakeStore","type":"tag","displayName":"UserFakeStore"},{"name":"PutUpdateUsers","type":"tag","displayName":"PutUpdateUsers"},{"name":"FakeStoreAPI","type":"tag","displayName":"FakeStoreAPI"},{"name":"User Service Fake Store API","type":"feature","displayName":"User Service Fake Store API"}],"startTime":"2023-04-15T19:46:16.344687+07:00[Asia/Jakarta]","duration":1018,"projectKey":"","isManualTestingUpToDate":false,"context":"windows","manual":false,"testSource":"Cucumber","actors":[{"name":"User","can":["browse the web","call an API at https://fakestoreapi.com"]}],"result":"SUCCESS"}